incident_id,trip_id,asset_id,driver_id,incident_date,incident_time,incident_country,incident_location,incident_type,severity,description,injuries,damage_cost_usd,downtime_hours,insurance_claim,claim_amount_usd,resolution_status,resolution_date,preventable
INC-0001,TRP-0211,AST-027,DRV-004,2024-12-25,06:33:52,Kenya,Nairobi - Kisumu Route,Traffic Accident,High,Traffic Accident occurred during transit,0,1873.83,9.8,Yes,1748.42,Resolved,2024-12-26,No
INC-0002,TRP-1379,AST-075,DRV-101,2024-08-27,01:56:45,Kenya,Nakuru - Nairobi Route,Documentation Issue,Low,Documentation Issue occurred during transit,0,0.0,5.1,No,0,Resolved,2024-09-07,No
INC-0003,TRP-2258,AST-021,DRV-077,2024-09-11,12:32:30,Rwanda,Ruhengeri - Cyangugu Route,Traffic Accident,Medium,Traffic Accident occurred during transit,0,740.3,7.6,Yes,672.67,Resolved,2024-09-25,No
INC-0004,TRP-2925,AST-031,DRV-013,2024-05-09,19:32:08,Rwanda,Gisenyi - Kigali Route,Driver Illness,Medium,Driver Illness occurred during transit,0,221.21,16.5,No,0,Resolved,2024-05-21,No
INC-0005,TRP-1180,AST-047,DRV-102,2024-10-14,20:54:11,Rwanda,Butare - Butare Route,Driver Illness,Low,Driver Illness occurred during transit,0,108.67,34.1,No,0,Resolved,2024-10-25,No
INC-0006,TRP-1206,AST-066,DRV-021,2024-02-11,06:26:49,Tanzania,Dodoma - Dar es Salaam Route,Cargo Damage,Low,Cargo Damage occurred during transit,0,606.51,0.0,Yes,535.19,Resolved,2024-02-13,Yes
INC-0007,TRP-1422,AST-046,DRV-117,2024-01-15,05:41:05,Kenya,Nakuru - Eldoret Route,Theft Attempt,High,Theft Attempt occurred during transit,1,1254.66,1.3,Yes,1135.39,Resolved,2024-01-29,No
INC-0008,TRP-0423,AST-058,DRV-077,2024-10-30,08:10:39,Rwanda,Gisenyi - Butare Route,Cargo Damage,Low,Cargo Damage occurred during transit,0,872.45,0.0,Yes,777.34,Resolved,2024-11-02,No
INC-0009,TRP-2963,AST-038,DRV-119,2024-08-22,03:45:53,Kenya,Kisumu - Nairobi Route,Documentation Issue,Low,Documentation Issue occurred during transit,0,0.0,4.2,No,0,Resolved,2024-08-29,No
INC-0010,TRP-0551,AST-026,DRV-040,2025-01-11,10:29:32,Tanzania,Dodoma - Jinja Route,Cargo Damage,Low,Cargo Damage occurred during transit,0,857.04,0.0,Yes,728.55,Resolved,2025-01-18,No
INC-0011,TRP-2059,AST-072,DRV-039,2024-01-08,21:53:41,Kenya,Eldoret - Nakuru Route,Cargo Damage,Medium,Cargo Damage occurred during transit,0,1665.86,0.0,Yes,1446.29,Resolved,2024-01-11,No
INC-0012,TRP-0702,AST-048,DRV-034,2024-09-09,15:00:16,Kenya,Kisumu - Nakuru Route,Mechanical Failure,Medium,Mechanical Failure occurred during transit,0,917.14,6.4,Yes,839.88,Resolved,2024-09-12,Yes
INC-0013,TRP-1976,AST-010,DRV-030,2024-05-04,14:21:30,Tanzania,Dar es Salaam - Mwanza Route,Traffic Accident,High,Traffic Accident occurred during transit,0,1764.08,13.9,Yes,1649.1,Pending,2024-05-09,No
INC-0014,TRP-0574,AST-077,DRV-018,2024-02-13,16:54:05,Kenya,Mbeya - Eldoret Route,Traffic Accident,High,Traffic Accident occurred during transit,0,1957.63,11.1,Yes,1781.1,Resolved,2024-02-25,No
INC-0015,TRP-2548,AST-061,DRV-125,2024-05-31,00:51:17,Rwanda,Kigali - Gisenyi Route,Documentation Issue,Low,Documentation Issue occurred during transit,0,0.0,2.6,No,0,Resolved,2024-06-09,Yes
INC-0016,TRP-1072,AST-028,DRV-092,2024-07-17,05:37:37,Kenya,Eldoret - Mombasa Route,Theft Attempt,Medium,Theft Attempt occurred during transit,0,580.06,1.7,Yes,532.86,Resolved,2024-07-30,No
INC-0017,TRP-0655,AST-026,DRV-040,2024-10-18,23:12:08,Tanzania,Dodoma - Nairobi Route,Traffic Accident,High,Traffic Accident occurred during transit,0,1626.73,6.8,Yes,1430.05,Resolved,2024-11-01,No
INC-0018,TRP-2193,AST-011,DRV-085,2024-01-14,11:32:32,Kenya,Eldoret - Eldoret Route,Traffic Accident,High,Traffic Accident occurred during transit,0,1622.14,10.6,Yes,1499.57,Resolved,2024-01-15,No
INC-0019,TRP-2544,AST-027,DRV-004,2024-08-08,12:14:12,Kenya,Kisumu - Nairobi Route,Theft Attempt,Medium,Theft Attempt occurred during transit,0,398.28,1.1,Yes,354.98,Resolved,2024-08-16,No
INC-0020,TRP-2230,AST-013,DRV-048,2024-06-07,18:37:31,Rwanda,Entebbe - Gisenyi Route,Tire Blowout,Low,Tire Blowout occurred during transit,0,141.36,3.4,No,0,Resolved,2024-06-11,No
INC-0021,TRP-0309,AST-035,DRV-015,2024-03-23,15:27:07,Uganda,Mbarara - Kampala Route,Cargo Damage,Low,Cargo Damage occurred during transit,0,942.25,0.0,Yes,852.47,Resolved,2024-03-27,Yes
INC-0022,TRP-0452,AST-040,DRV-070,2024-10-28,13:14:47,Kenya,Kisumu - Nakuru Route,Documentation Issue,Low,Documentation Issue occurred during transit,0,0.0,2.6,No,0,Resolved,2024-11-11,No
INC-0023,TRP-1732,AST-101,DRV-109,2025-02-09,04:09:56,Ethiopia,Gondar - Bahir Dar Route,Documentation Issue,Low,Documentation Issue occurred during transit,0,0.0,3.5,No,0,Resolved,2025-02-18,Yes
INC-0024,TRP-1772,AST-040,DRV-070,2024-02-17,02:06:35,Tanzania,Eldoret - Mbeya Route,Tire Blowout,Medium,Tire Blowout occurred during transit,0,377.73,3.2,Yes,339.34,Resolved,2024-03-01,No
INC-0025,TRP-1163,AST-116,DRV-122,2024-06-26,15:17:26,Uganda,Gulu - Gondar Route,Traffic Accident,Low,Traffic Accident occurred during transit,0,341.34,13.9,Yes,309.8,Resolved,2024-06-28,No
INC-0026,TRP-2447,AST-063,DRV-133,2024-07-24,07:17:04,Tanzania,Arusha - Mbeya Route,Mechanical Failure,Low,Mechanical Failure occurred during transit,0,472.97,4.2,Yes,436.89,Resolved,2024-08-03,Yes
INC-0027,TRP-1949,AST-053,DRV-080,2024-03-21,02:39:39,Rwanda,Addis Ababa - Ruhengeri Route,Documentation Issue,Low,Documentation Issue occurred during transit,0,0.0,3.9,No,0,Resolved,2024-03-31,Yes
INC-0028,TRP-0665,AST-094,DRV-138,2024-11-09,14:06:07,Tanzania,Dar es Salaam - Dar es Salaam Route,Mechanical Failure,Medium,Mechanical Failure occurred during transit,0,1088.3,9.0,Yes,973.33,Resolved,2024-11-17,No
INC-0029,TRP-2748,AST-075,DRV-101,2024-10-28,17:30:42,Kenya,Eldoret - Nakuru Route,Documentation Issue,Low,Documentation Issue occurred during transit,0,0.0,4.4,No,0,Resolved,2024-11-01,No
INC-0030,TRP-1106,AST-075,DRV-101,2024-12-18,00:01:52,Uganda,Nairobi - Mbarara Route,Theft Attempt,High,Theft Attempt occurred during transit,1,1233.82,1.0,Yes,1072.44,Resolved,2025-01-01,No
INC-0031,TRP-2150,AST-021,DRV-077,2024-09-29,03:44:44,Rwanda,Gisenyi - Kigali Route,Tire Blowout,Medium,Tire Blowout occurred during transit,0,383.06,4.0,Yes,329.89,Resolved,2024-10-01,Yes
INC-0032,TRP-1010,AST-053,DRV-080,2024-11-05,05:47:45,Ethiopia,Mekele - Mekele Route,Traffic Accident,High,Traffic Accident occurred during transit,0,1919.48,9.6,Yes,1643.91,Resolved,2024-11-12,No
INC-0033,TRP-0635,AST-033,DRV-015,2024-01-07,09:44:51,Rwanda,Gulu - Kigali Route,Mechanical Failure,Medium,Mechanical Failure occurred during transit,0,1105.8,9.2,Yes,1050.34,Resolved,2024-01-17,Yes
INC-0034,TRP-1293,AST-107,DRV-004,2024-10-08,18:05:15,Kenya,Mombasa - Eldoret Route,Traffic Accident,Medium,Traffic Accident occurred during transit,0,1033.98,15.4,Yes,932.75,Resolved,2024-10-11,No
INC-0035,TRP-2462,AST-115,DRV-054,2025-01-02,16:26:52,Tanzania,Dodoma - Mbeya Route,Documentation Issue,Low,Documentation Issue occurred during transit,0,0.0,3.9,No,0,Resolved,2025-01-04,Yes
INC-0036,TRP-1318,AST-103,DRV-125,2024-12-26,12:55:32,Rwanda,Ruhengeri - Mombasa Route,Theft Attempt,High,Theft Attempt occurred during transit,0,990.46,2.2,Yes,866.26,Resolved,2024-12-28,No
INC-0037,TRP-2029,AST-020,DRV-104,2024-04-01,16:53:10,Rwanda,Gisenyi - Cyangugu Route,Cargo Damage,Low,Cargo Damage occurred during transit,0,971.26,0.0,Yes,836.34,Resolved,2024-04-02,No
INC-0038,TRP-1230,AST-114,DRV-015,2025-02-03,14:23:50,Uganda,Gulu - Kampala Route,Mechanical Failure,Low,Mechanical Failure occurred during transit,0,498.1,5.3,Yes,430.99,Resolved,2025-02-10,Yes
INC-0039,TRP-2864,AST-045,DRV-099,2024-11-26,11:27:22,Ethiopia,Addis Ababa - Gondar Route,Tire Blowout,Medium,Tire Blowout occurred during transit,0,351.4,3.4,Yes,315.01,Resolved,2024-12-01,No
INC-0040,TRP-2259,AST-031,DRV-013,2024-05-26,22:56:16,Rwanda,Ruhengeri - Mwanza Route,Mechanical Failure,High,Mechanical Failure occurred during transit,0,2519.0,9.9,Yes,2163.77,Resolved,2024-06-05,Yes
INC-0041,TRP-1499,AST-006,DRV-129,2024-03-04,13:22:05,Rwanda,Gisenyi - Kigali Route,Theft Attempt,High,Theft Attempt occurred during transit,0,1020.23,2.9,Yes,905.92,Resolved,2024-03-05,No
INC-0042,TRP-2986,AST-066,DRV-021,2024-12-16,12:34:29,Tanzania,Dar es Salaam - Mwanza Route,Traffic Accident,Medium,Traffic Accident occurred during transit,0,812.52,17.3,Yes,697.27,Resolved,2024-12-17,No
INC-0043,TRP-0445,AST-043,DRV-021,2024-05-09,19:48:01,Tanzania,Mbeya - Mwanza Route,Cargo Damage,Low,Cargo Damage occurred during transit,0,828.19,0.0,Yes,766.1,Resolved,2024-05-16,No
INC-0044,TRP-0897,AST-018,DRV-029,2024-12-14,17:28:41,Kenya,Nakuru - Gondar Route,Tire Blowout,Low,Tire Blowout occurred during transit,0,216.75,2.1,No,0,Resolved,2024-12-15,No
INC-0045,TRP-0845,AST-110,DRV-028,2025-01-03,19:39:31,Uganda,Jinja - Mbarara Route,Cargo Damage,Low,Cargo Damage occurred during transit,0,937.69,0.0,Yes,836.89,Resolved,2025-01-15,Yes
INC-0046,TRP-2046,AST-015,DRV-116,2024-03-12,15:21:38,Tanzania,Entebbe - Mbeya Route,Mechanical Failure,High,Mechanical Failure occurred during transit,0,2690.64,4.9,Yes,2453.92,Resolved,2024-03-23,No
INC-0047,TRP-1441,AST-045,DRV-099,2024-01-27,13:57:33,Ethiopia,Gondar - Bahir Dar Route,Traffic Accident,Low,Traffic Accident occurred during transit,0,440.76,14.3,Yes,408.13,Resolved,2024-01-29,No
INC-0048,TRP-2380,AST-017,DRV-089,2024-08-27,01:08:09,Kenya,Nairobi - Nairobi Route,Theft Attempt,High,Theft Attempt occurred during transit,0,1195.17,1.4,Yes,1055.39,Resolved,2024-09-07,No
INC-0049,TRP-2370,AST-080,DRV-129,2024-11-26,18:31:02,Ethiopia,Gisenyi - Addis Ababa Route,Mechanical Failure,Medium,Mechanical Failure occurred during transit,0,1471.0,7.9,Yes,1277.74,Pending,2024-12-07,Yes
INC-0050,TRP-0813,AST-115,DRV-054,2024-06-08,00:31:01,Uganda,Dodoma - Entebbe Route,Driver Illness,Low,Driver Illness occurred during transit,0,114.98,22.8,No,0,Pending,2024-06-09,Yes
INC-0051,TRP-0916,AST-082,DRV-047,2024-09-11,05:15:43,Kenya,Nakuru - Nakuru Route,Documentation Issue,Low,Documentation Issue occurred during transit,0,0.0,3.4,No,0,Resolved,2024-09-24,No
INC-0052,TRP-1048,AST-087,DRV-002,2024-11-21,07:40:15,Tanzania,Dodoma - Arusha Route,Cargo Damage,Low,Cargo Damage occurred during transit,0,815.23,0.0,Yes,707.05,Resolved,2024-11-25,No
INC-0053,TRP-1504,AST-026,DRV-040,2024-02-22,08:57:43,Tanzania,Arusha - Arusha Route,Documentation Issue,Low,Documentation Issue occurred during transit,0,0.0,4.5,No,0,Pending,2024-02-25,Yes
INC-0054,TRP-2262,AST-087,DRV-002,2024-11-05,09:17:37,Tanzania,Arusha - Mbeya Route,Theft Attempt,High,Theft Attempt occurred during transit,0,1268.69,1.5,Yes,1161.42,Resolved,2024-11-09,No
INC-0055,TRP-0767,AST-071,DRV-125,2024-08-25,04:24:21,Rwanda,Cyangugu - Cyangugu Route,Driver Illness,Low,Driver Illness occurred during transit,0,120.38,22.7,No,0,Resolved,2024-09-07,Yes
INC-0056,TRP-0849,AST-065,DRV-124,2024-04-05,19:12:41,Uganda,Entebbe - Dodoma Route,Theft Attempt,High,Theft Attempt occurred during transit,0,903.73,3.0,Yes,825.82,Resolved,2024-04-09,No
INC-0057,TRP-2246,AST-037,DRV-101,2025-01-22,18:39:13,Kenya,Eldoret - Eldoret Route,Tire Blowout,Medium,Tire Blowout occurred during transit,0,332.59,1.6,Yes,285.14,Resolved,2025-01-26,Yes
INC-0058,TRP-2184,AST-104,DRV-055,2024-01-29,07:26:58,Tanzania,Mbeya - Gulu Route,Theft Attempt,High,Theft Attempt occurred during transit,0,827.54,2.4,Yes,738.29,Resolved,2024-02-04,No
INC-0059,TRP-0363,AST-087,DRV-002,2024-09-24,03:33:01,Tanzania,Mwanza - Mwanza Route,Driver Illness,Low,Driver Illness occurred during transit,0,93.71,31.2,No,0,Pending,2024-10-03,No
INC-0060,TRP-2057,AST-013,DRV-048,2024-02-11,22:45:43,Uganda,Mbarara - Gulu Route,Cargo Damage,Low,Cargo Damage occurred during transit,0,710.63,0.0,Yes,628.99,Resolved,2024-02-12,Yes
INC-0061,TRP-2002,AST-029,DRV-105,2024-01-24,15:45:51,Kenya,Kisumu - Nakuru Route,Driver Illness,Low,Driver Illness occurred during transit,0,80.13,32.1,No,0,Resolved,2024-01-27,Yes
INC-0062,TRP-0458,AST-037,DRV-101,2024-10-05,16:23:40,Kenya,Eldoret - Eldoret Route,Documentation Issue,Low,Documentation Issue occurred during transit,0,0.0,3.9,No,0,Resolved,2024-10-08,Yes
INC-0063,TRP-1628,AST-061,DRV-125,2024-12-30,12:01:32,Rwanda,Ruhengeri - Mbarara Route,Traffic Accident,Low,Traffic Accident occurred during transit,0,483.24,6.8,Yes,448.4,Resolved,2025-01-09,No
INC-0064,TRP-2421,AST-103,DRV-125,2024-10-08,00:24:40,Ethiopia,Ruhengeri - Addis Ababa Route,Tire Blowout,Medium,Tire Blowout occurred during transit,0,364.47,2.9,Yes,330.51,Resolved,2024-10-19,No
INC-0065,TRP-1036,AST-098,DRV-044,2024-09-27,22:04:37,Kenya,Nairobi - Nairobi Route,Driver Illness,Low,Driver Illness occurred during transit,0,115.52,22.6,No,0,Resolved,2024-09-28,Yes
INC-0066,TRP-1570,AST-113,DRV-076,2024-02-27,20:25:06,Rwanda,Butare - Butare Route,Documentation Issue,Low,Documentation Issue occurred during transit,0,0.0,4.9,No,0,Resolved,2024-03-02,Yes
INC-0067,TRP-1799,AST-004,DRV-078,2024-04-22,03:23:55,Tanzania,Mbeya - Arusha Route,Mechanical Failure,Low,Mechanical Failure occurred during transit,0,736.2,5.8,Yes,628.52,Resolved,2024-05-03,Yes
INC-0068,TRP-1412,AST-107,DRV-004,2024-11-19,13:40:01,Kenya,Nairobi - Mombasa Route,Mechanical Failure,Low,Mechanical Failure occurred during transit,0,488.36,10.0,Yes,444.22,Resolved,2024-11-29,Yes
INC-0069,TRP-2977,AST-098,DRV-044,2024-11-01,00:57:38,Kenya,Eldoret - Nairobi Route,Theft Attempt,Medium,Theft Attempt occurred during transit,0,357.17,1.9,Yes,304.31,Resolved,2024-11-13,No
INC-0070,TRP-2302,AST-071,DRV-125,2024-06-07,03:03:04,Uganda,Kigali - Jinja Route,Theft Attempt,High,Theft Attempt occurred during transit,0,704.23,2.4,Yes,643.51,Resolved,2024-06-09,No
INC-0071,TRP-2512,AST-087,DRV-002,2024-01-09,10:59:00,Rwanda,Arusha - Gisenyi Route,Theft Attempt,Medium,Theft Attempt occurred during transit,0,498.03,1.5,Yes,471.89,Resolved,2024-01-19,No
INC-0072,TRP-2736,AST-066,DRV-021,2024-02-03,08:36:04,Tanzania,Mwanza - Dar es Salaam Route,Theft Attempt,Medium,Theft Attempt occurred during transit,1,360.49,2.2,Yes,320.19,Resolved,2024-02-07,No
INC-0073,TRP-0557,AST-004,DRV-078,2024-12-30,22:06:29,Tanzania,Mwanza - Dar es Salaam Route,Theft Attempt,High,Theft Attempt occurred during transit,0,1242.38,2.0,Yes,1124.27,Pending,2025-01-01,No
INC-0074,TRP-2474,AST-003,DRV-105,2024-02-24,05:19:31,Uganda,Nairobi - Mbarara Route,Traffic Accident,Low,Traffic Accident occurred during transit,0,335.44,12.0,Yes,311.14,Resolved,2024-03-05,No
INC-0075,TRP-2574,AST-010,DRV-030,2024-01-10,02:32:45,Tanzania,Mbeya - Dar es Salaam Route,Cargo Damage,Medium,Cargo Damage occurred during transit,0,1076.12,0.0,Yes,965.46,Resolved,2024-01-13,No
INC-0076,TRP-0745,AST-029,DRV-105,2024-08-11,16:49:09,Rwanda,Mombasa - Kigali Route,Tire Blowout,Low,Tire Blowout occurred during transit,0,201.73,3.3,No,0,Resolved,2024-08-20,Yes
INC-0077,TRP-1270,AST-080,DRV-129,2025-02-10,14:59:07,Rwanda,Cyangugu - Mekele Route,Documentation Issue,Low,Documentation Issue occurred during transit,0,0.0,2.7,No,0,Resolved,2025-02-13,No
INC-0078,TRP-2649,AST-008,DRV-031,2024-11-18,10:26:36,Uganda,Kampala - Jinja Route,Traffic Accident,High,Traffic Accident occurred during transit,0,1207.02,9.2,Yes,1128.4,Resolved,2024-11-24,No
INC-0079,TRP-1869,AST-038,DRV-119,2024-10-19,20:39:34,Kenya,Nairobi - Nakuru Route,Cargo Damage,Medium,Cargo Damage occurred during transit,0,1285.51,0.0,Yes,1116.89,Resolved,2024-10-21,Yes
INC-0080,TRP-1666,AST-012,DRV-065,2024-03-22,01:29:17,Ethiopia,Dar es Salaam - Mekele Route,Documentation Issue,Low,Documentation Issue occurred during transit,0,0.0,2.9,No,0,Resolved,2024-04-01,No
INC-0081,TRP-2127,AST-115,DRV-054,2024-06-01,14:59:38,Ethiopia,Mbeya - Dire Dawa Route,Driver Illness,Low,Driver Illness occurred during transit,0,124.32,25.2,No,0,Resolved,2024-06-07,Yes
INC-0082,TRP-0132,AST-081,DRV-122,2024-12-02,05:19:38,Uganda,Entebbe - Entebbe Route,Driver Illness,Low,Driver Illness occurred during transit,0,86.22,18.9,No,0,Resolved,2024-12-09,Yes
INC-0083,TRP-1936,AST-086,DRV-122,2024-02-25,17:52:41,Uganda,Jinja - Jinja Route,Traffic Accident,High,Traffic Accident occurred during transit,1,1552.63,15.8,Yes,1372.22,Pending,2024-03-02,No
INC-0084,TRP-0558,AST-119,DRV-022,2024-12-10,10:12:52,Kenya,Gondar - Nairobi Route,Mechanical Failure,High,Mechanical Failure occurred during transit,0,2471.23,7.6,Yes,2146.43,Pending,2024-12-16,Yes
INC-0085,TRP-1351,AST-107,DRV-004,2025-01-21,03:35:27,Kenya,Mombasa - Kisumu Route,Cargo Damage,Medium,Cargo Damage occurred during transit,0,1251.34,0.0,Yes,1152.03,Resolved,2025-01-26,No
INC-0086,TRP-1921,AST-108,DRV-116,2024-11-20,17:48:53,Uganda,Entebbe - Gulu Route,Traffic Accident,Medium,Traffic Accident occurred during transit,0,562.28,14.9,Yes,499.62,Pending,2024-11-23,No
INC-0087,TRP-2714,AST-102,DRV-140,2025-02-20,16:17:33,Rwanda,Butare - Ruhengeri Route,Traffic Accident,Low,Traffic Accident occurred during transit,0,305.83,11.1,Yes,269.02,Resolved,2025-02-21,No
INC-0088,TRP-2337,AST-017,DRV-089,2024-07-10,18:30:29,Kenya,Kisumu - Gulu Route,Mechanical Failure,Medium,Mechanical Failure occurred during transit,1,1245.47,10.5,Yes,1175.35,Resolved,2024-07-23,Yes
INC-0089,TRP-1813,AST-034,DRV-099,2024-12-04,14:06:17,Uganda,Gondar - Entebbe Route,Cargo Damage,Medium,Cargo Damage occurred during transit,0,1285.93,0.0,Yes,1221.03,Pending,2024-12-07,Yes
INC-0090,TRP-1461,AST-018,DRV-029,2025-01-21,22:34:41,Kenya,Eldoret - Nairobi Route,Traffic Accident,Low,Traffic Accident occurred during transit,0,339.92,12.7,Yes,315.59,Resolved,2025-01-23,No
INC-0091,TRP-2591,AST-037,DRV-101,2025-02-11,05:15:07,Rwanda,Eldoret - Butare Route,Driver Illness,Low,Driver Illness occurred during transit,0,103.5,22.3,No,0,Resolved,2025-02-15,Yes
INC-0092,TRP-0299,AST-075,DRV-101,2024-09-25,14:59:54,Kenya,Kisumu - Kisumu Route,Theft Attempt,High,Theft Attempt occurred during transit,0,1050.87,2.4,Yes,916.79,Resolved,2024-10-04,No
INC-0093,TRP-0778,AST-004,DRV-078,2024-01-26,12:09:50,Tanzania,Dodoma - Arusha Route,Driver Illness,Medium,Driver Illness occurred during transit,1,251.09,33.4,No,0,Resolved,2024-02-07,No
INC-0094,TRP-0381,AST-011,DRV-085,2024-11-20,19:18:09,Kenya,Kisumu - Nakuru Route,Documentation Issue,Low,Documentation Issue occurred during transit,0,0.0,3.7,No,0,Resolved,2024-11-28,Yes
INC-0095,TRP-1327,AST-095,DRV-005,2024-07-04,14:59:30,Rwanda,Cyangugu - Butare Route,Theft Attempt,High,Theft Attempt occurred during transit,0,1132.81,1.3,Yes,1021.67,Resolved,2024-07-08,No
INC-0096,TRP-1141,AST-088,DRV-049,2024-10-03,14:31:29,Ethiopia,Gondar - Mekele Route,Driver Illness,Medium,Driver Illness occurred during transit,0,145.69,28.6,No,0,Pending,2024-10-14,Yes
INC-0097,TRP-1714,AST-035,DRV-015,2025-02-18,17:32:05,Ethiopia,Jinja - Dire Dawa Route,Driver Illness,Medium,Driver Illness occurred during transit,1,215.5,26.1,No,0,Resolved,2025-02-21,No
INC-0098,TRP-0769,AST-088,DRV-049,2024-04-05,10:11:00,Ethiopia,Gondar - Addis Ababa Route,Mechanical Failure,Medium,Mechanical Failure occurred during transit,0,1271.95,9.9,Yes,1111.7,Resolved,2024-04-10,Yes
INC-0099,TRP-1734,AST-038,DRV-119,2024-12-18,18:57:17,Kenya,Nairobi - Nairobi Route,Traffic Accident,Low,Traffic Accident occurred during transit,0,362.24,16.3,Yes,342.59,Resolved,2024-12-24,No
INC-0100,TRP-2043,AST-055,DRV-077,2025-01-05,19:43:43,Rwanda,Gisenyi - Kigali Route,Cargo Damage,Low,Cargo Damage occurred during transit,0,680.39,0.0,Yes,641.31,Pending,2025-01-16,No
INC-0101,TRP-2685,AST-066,DRV-021,2025-02-27,02:10:58,Tanzania,Dar es Salaam - Entebbe Route,Cargo Damage,Low,Cargo Damage occurred during transit,0,638.04,0.0,Yes,565.29,Resolved,2025-03-12,No
INC-0102,TRP-1730,AST-057,DRV-031,2024-11-16,10:17:31,Uganda,Gulu - Kampala Route,Documentation Issue,Low,Documentation Issue occurred during transit,0,0.0,3.0,No,0,Resolved,2024-11-24,Yes
INC-0103,TRP-0620,AST-076,DRV-041,2024-10-15,23:33:25,Kenya,Nairobi - Eldoret Route,Theft Attempt,Medium,Theft Attempt occurred during transit,0,432.51,2.7,Yes,373.81,Resolved,2024-10-22,No
INC-0104,TRP-0426,AST-011,DRV-085,2024-01-17,08:32:23,Kenya,Kisumu - Kisumu Route,Tire Blowout,Low,Tire Blowout occurred during transit,0,177.5,2.0,No,0,Pending,2024-01-19,No
INC-0105,TRP-0890,AST-046,DRV-117,2024-01-26,02:54:16,Kenya,Nairobi - Nakuru Route,Theft Attempt,Medium,Theft Attempt occurred during transit,0,487.38,1.1,Yes,429.59,Resolved,2024-02-05,No
INC-0106,TRP-2809,AST-044,DRV-001,2024-10-15,05:47:57,Uganda,Mbarara - Kampala Route,Traffic Accident,Medium,Traffic Accident occurred during transit,0,968.13,11.8,Yes,877.42,Pending,2024-10-24,No
INC-0107,TRP-1778,AST-108,DRV-116,2024-05-04,01:15:33,Uganda,Entebbe - Mbarara Route,Mechanical Failure,High,Mechanical Failure occurred during transit,2,2975.19,6.2,Yes,2633.44,Resolved,2024-05-06,Yes
INC-0108,TRP-0051,AST-082,DRV-047,2024-01-20,06:39:53,Kenya,Mombasa - Kisumu Route,Documentation Issue,Low,Documentation Issue occurred during transit,0,0.0,5.9,No,0,Resolved,2024-01-26,Yes
INC-0109,TRP-1775,AST-038,DRV-119,2024-02-05,09:55:40,Kenya,Nairobi - Nakuru Route,Documentation Issue,Low,Documentation Issue occurred during transit,0,0.0,3.4,No,0,Resolved,2024-02-10,Yes
INC-0110,TRP-0605,AST-102,DRV-140,2024-08-30,15:05:51,Rwanda,Butare - Ruhengeri Route,Theft Attempt,Medium,Theft Attempt occurred during transit,2,505.34,1.5,Yes,467.78,Resolved,2024-09-10,No
INC-0111,TRP-2524,AST-038,DRV-119,2024-03-17,20:20:28,Kenya,Eldoret - Nairobi Route,Documentation Issue,Low,Documentation Issue occurred during transit,0,0.0,5.8,No,0,Resolved,2024-03-19,No
INC-0112,TRP-1168,AST-027,DRV-004,2024-01-04,08:29:53,Kenya,Kisumu - Nairobi Route,Mechanical Failure,Medium,Mechanical Failure occurred during transit,0,1394.59,5.5,Yes,1219.38,Resolved,2024-01-06,Yes
INC-0113,TRP-2418,AST-045,DRV-099,2024-09-11,15:54:11,Ethiopia,Gondar - Addis Ababa Route,Theft Attempt,High,Theft Attempt occurred during transit,1,892.01,2.0,Yes,828.62,Resolved,2024-09-15,No
INC-0114,TRP-1129,AST-044,DRV-001,2024-12-06,22:06:11,Uganda,Mbarara - Mbarara Route,Documentation Issue,Low,Documentation Issue occurred during transit,0,0.0,2.2,No,0,Resolved,2024-12-10,Yes
INC-0115,TRP-1092,AST-060,DRV-140,2024-10-24,02:35:03,Rwanda,Kigali - Butare Route,Traffic Accident,High,Traffic Accident occurred during transit,0,1441.5,6.0,Yes,1282.76,Resolved,2024-10-25,No
INC-0116,TRP-1906,AST-116,DRV-122,2024-09-15,21:45:18,Uganda,Kampala - Mbarara Route,Tire Blowout,Low,Tire Blowout occurred during transit,0,231.16,3.6,No,0,Resolved,2024-09-23,No
INC-0117,TRP-2571,AST-004,DRV-078,2024-06-15,10:35:40,Tanzania,Dar es Salaam - Mbeya Route,Driver Illness,Low,Driver Illness occurred during transit,0,92.99,29.8,No,0,Resolved,2024-06-16,No
INC-0118,TRP-0751,AST-011,DRV-085,2024-02-19,07:49:24,Rwanda,Eldoret - Gisenyi Route,Mechanical Failure,Medium,Mechanical Failure occurred during transit,0,1551.9,6.2,Yes,1397.27,Resolved,2024-02-21,No
INC-0119,TRP-2901,AST-100,DRV-054,2024-08-31,02:43:12,Tanzania,Arusha - Mbeya Route,Cargo Damage,Low,Cargo Damage occurred during transit,0,968.06,0.0,Yes,875.69,Resolved,2024-09-06,Yes
INC-0120,TRP-0554,AST-072,DRV-039,2024-08-19,12:30:00,Kenya,Kisumu - Eldoret Route,Tire Blowout,Low,Tire Blowout occurred during transit,0,187.09,2.9,No,0,Pending,2024-08-28,Yes
INC-0121,TRP-1276,AST-098,DRV-044,2025-02-03,18:02:00,Kenya,Mombasa - Nairobi Route,Theft Attempt,High,Theft Attempt occurred during transit,0,1070.61,2.0,Yes,1001.15,Pending,2025-02-07,No
INC-0122,TRP-1453,AST-101,DRV-109,2024-03-12,07:51:15,Rwanda,Dire Dawa - Kigali Route,Traffic Accident,Low,Traffic Accident occurred during transit,0,280.64,17.3,No,0,Resolved,2024-03-23,No
INC-0123,TRP-1321,AST-048,DRV-034,2024-12-28,04:31:48,Kenya,Nairobi - Mombasa Route,Tire Blowout,Medium,Tire Blowout occurred during transit,0,281.13,2.3,No,0,Resolved,2024-12-30,No
INC-0124,TRP-2732,AST-014,DRV-099,2024-08-05,08:12:19,Ethiopia,Mekele - Gondar Route,Theft Attempt,Medium,Theft Attempt occurred during transit,0,589.99,1.1,Yes,504.21,Resolved,2024-08-07,No
INC-0125,TRP-1993,AST-115,DRV-054,2024-04-25,04:15:36,Tanzania,Arusha - Arusha Route,Driver Illness,Medium,Driver Illness occurred during transit,0,206.57,33.1,No,0,Resolved,2024-05-03,No
INC-0126,TRP-1597,AST-081,DRV-122,2024-02-16,14:00:58,Uganda,Kampala - Kampala Route,Tire Blowout,Medium,Tire Blowout occurred during transit,0,496.98,3.3,Yes,443.38,Resolved,2024-02-17,Yes
INC-0127,TRP-2456,AST-038,DRV-119,2024-11-24,05:22:30,Kenya,Eldoret - Mombasa Route,Mechanical Failure,High,Mechanical Failure occurred during transit,0,2900.21,8.4,Yes,2518.17,Resolved,2024-11-28,No
INC-0128,TRP-2406,AST-014,DRV-099,2024-05-25,04:56:53,Ethiopia,Addis Ababa - Mekele Route,Driver Illness,Medium,Driver Illness occurred during transit,0,223.04,20.0,No,0,Pending,2024-05-26,No
INC-0129,TRP-2394,AST-058,DRV-077,2024-12-22,05:31:15,Uganda,Kigali - Jinja Route,Tire Blowout,Low,Tire Blowout occurred during transit,0,189.1,2.7,No,0,Resolved,2024-12-30,No
INC-0130,TRP-2189,AST-095,DRV-005,2024-06-05,19:54:26,Rwanda,Ruhengeri - Kigali Route,Driver Illness,Medium,Driver Illness occurred during transit,0,154.74,32.5,No,0,Resolved,2024-06-19,No
INC-0131,TRP-2955,AST-087,DRV-002,2024-03-23,01:26:05,Rwanda,Dar es Salaam - Butare Route,Mechanical Failure,Medium,Mechanical Failure occurred during transit,0,1346.31,5.7,Yes,1201.9,Resolved,2024-03-29,No
INC-0132,TRP-1281,AST-027,DRV-004,2024-10-08,14:35:21,Kenya,Eldoret - Nakuru Route,Tire Blowout,Medium,Tire Blowout occurred during transit,0,485.18,3.4,Yes,415.59,Resolved,2024-10-14,No
INC-0133,TRP-0276,AST-097,DRV-130,2024-11-19,10:52:42,Kenya,Eldoret - Eldoret Route,Documentation Issue,Low,Documentation Issue occurred during transit,0,0.0,5.5,No,0,Resolved,2024-11-21,Yes
INC-0134,TRP-0429,AST-097,DRV-130,2024-06-13,00:13:49,Kenya,Nakuru - Nairobi Route,Traffic Accident,Low,Traffic Accident occurred during transit,0,460.5,14.3,Yes,401.1,Resolved,2024-06-24,No
INC-0135,TRP-2558,AST-048,DRV-034,2024-07-12,23:45:45,Uganda,Nakuru - Jinja Route,Documentation Issue,Low,Documentation Issue occurred during transit,0,0.0,3.3,No,0,Pending,2024-07-14,No
INC-0136,TRP-1169,AST-041,DRV-044,2024-09-22,18:57:24,Kenya,Nairobi - Gisenyi Route,Traffic Accident,Medium,Traffic Accident occurred during transit,0,664.9,17.5,Yes,591.1,Resolved,2024-09-24,No
INC-0137,TRP-2165,AST-025,DRV-031,2024-03-09,20:46:45,Tanzania,Mbarara - Dar es Salaam Route,Cargo Damage,Low,Cargo Damage occurred during transit,0,959.48,0.0,Yes,849.63,Resolved,2024-03-20,Yes
INC-0138,TRP-2426,AST-018,DRV-029,2025-02-22,21:35:54,Kenya,Eldoret - Arusha Route,Driver Illness,Low,Driver Illness occurred during transit,0,115.4,22.3,No,0,Resolved,2025-03-07,No
INC-0139,TRP-1023,AST-017,DRV-089,2024-12-24,09:23:54,Kenya,Kisumu - Nakuru Route,Documentation Issue,Low,Documentation Issue occurred during transit,0,0.0,5.7,No,0,Resolved,2025-01-05,No
INC-0140,TRP-2763,AST-104,DRV-055,2024-11-13,08:35:12,Ethiopia,Dodoma - Addis Ababa Route,Documentation Issue,Low,Documentation Issue occurred during transit,0,0.0,5.9,No,0,Resolved,2024-11-21,No
INC-0141,TRP-0829,AST-103,DRV-125,2024-02-20,11:28:00,Rwanda,Gisenyi - Gondar Route,Cargo Damage,Medium,Cargo Damage occurred during transit,0,1617.3,0.0,Yes,1439.87,Resolved,2024-02-23,No
INC-0142,TRP-0912,AST-007,DRV-053,2025-02-14,03:45:04,Tanzania,Dodoma - Dar es Salaam Route,Driver Illness,Low,Driver Illness occurred during transit,0,96.11,24.9,No,0,Resolved,2025-02-17,No
INC-0143,TRP-1629,AST-035,DRV-015,2024-03-21,08:09:27,Ethiopia,Mbarara - Bahir Dar Route,Traffic Accident,Medium,Traffic Accident occurred during transit,0,846.35,6.9,Yes,788.61,Resolved,2024-03-27,No
INC-0144,TRP-0859,AST-003,DRV-105,2024-07-03,10:27:02,Kenya,Kisumu - Eldoret Route,Tire Blowout,Low,Tire Blowout occurred during transit,0,235.4,3.0,No,0,Resolved,2024-07-08,Yes
INC-0145,TRP-2528,AST-081,DRV-122,2024-12-22,12:21:17,Uganda,Kampala - Mbarara Route,Traffic Accident,High,Traffic Accident occurred during transit,0,1431.3,12.3,Yes,1347.58,Resolved,2024-12-28,No
INC-0146,TRP-2319,AST-097,DRV-130,2024-08-23,22:02:52,Kenya,Mombasa - Addis Ababa Route,Tire Blowout,Medium,Tire Blowout occurred during transit,0,344.22,3.4,Yes,311.29,Pending,2024-08-24,No
INC-0147,TRP-1768,AST-101,DRV-109,2024-08-19,13:38:34,Tanzania,Addis Ababa - Mbeya Route,Theft Attempt,Medium,Theft Attempt occurred during transit,0,429.75,2.4,Yes,375.5,Resolved,2024-09-01,No
INC-0148,TRP-0124,AST-029,DRV-105,2024-02-01,21:40:26,Kenya,Kisumu - Nakuru Route,Documentation Issue,Low,Documentation Issue occurred during transit,0,0.0,5.4,No,0,Resolved,2024-02-04,No
INC-0149,TRP-0275,AST-048,DRV-034,2025-01-18,17:41:29,Kenya,Nakuru - Jinja Route,Mechanical Failure,High,Mechanical Failure occurred during transit,0,2482.41,10.3,Yes,2160.56,Resolved,2025-01-25,Yes
INC-0150,TRP-1278,AST-001,DRV-084,2024-09-04,12:33:51,Uganda,Jinja - Kampala Route,Traffic Accident,High,Traffic Accident occurred during transit,2,1295.88,17.0,Yes,1162.16,Resolved,2024-09-16,No
INC-0151,TRP-1113,AST-097,DRV-130,2024-09-07,19:53:20,Kenya,Eldoret - Nairobi Route,Cargo Damage,Medium,Cargo Damage occurred during transit,0,1530.53,0.0,Yes,1388.88,Resolved,2024-09-12,No
INC-0152,TRP-2018,AST-075,DRV-101,2025-01-31,12:27:17,Kenya,Kisumu - Butare Route,Traffic Accident,Medium,Traffic Accident occurred during transit,0,1005.89,11.5,Yes,942.22,Pending,2025-02-04,No
INC-0153,TRP-0465,AST-068,DRV-118,2024-09-24,05:41:56,Uganda,Jinja - Entebbe Route,Traffic Accident,Low,Traffic Accident occurred during transit,0,509.57,11.4,Yes,475.34,Resolved,2024-10-05,No
INC-0154,TRP-1493,AST-098,DRV-044,2024-08-28,23:18:20,Kenya,Nairobi - Kisumu Route,Tire Blowout,Low,Tire Blowout occurred during transit,0,164.12,3.5,No,0,Resolved,2024-09-10,Yes
INC-0155,TRP-2807,AST-034,DRV-099,2024-03-06,19:46:25,Tanzania,Dire Dawa - Arusha Route,Tire Blowout,Medium,Tire Blowout occurred during transit,0,439.43,4.0,Yes,374.9,Resolved,2024-03-10,Yes
INC-0156,TRP-2367,AST-003,DRV-105,2024-10-29,12:51:18,Rwanda,Mombasa - Cyangugu Route,Documentation Issue,Low,Documentation Issue occurred during transit,0,0.0,2.5,No,0,Resolved,2024-11-12,Yes
INC-0157,TRP-2350,AST-019,DRV-071,2024-08-19,20:31:49,Kenya,Mombasa - Nakuru Route,Cargo Damage,Low,Cargo Damage occurred during transit,0,603.03,0.0,Yes,565.28,Pending,2024-09-01,Yes
INC-0158,TRP-2813,AST-109,DRV-047,2025-02-19,06:12:40,Kenya,Nakuru - Eldoret Route,Traffic Accident,High,Traffic Accident occurred during transit,0,1423.84,6.4,Yes,1221.52,Resolved,2025-02-27,No
INC-0159,TRP-1878,AST-021,DRV-077,2024-06-12,16:58:09,Rwanda,Ruhengeri - Kigali Route,Traffic Accident,High,Traffic Accident occurred during transit,2,1792.96,6.1,Yes,1556.91,Resolved,2024-06-18,No
INC-0160,TRP-2031,AST-109,DRV-047,2024-07-30,12:07:33,Kenya,Kisumu - Nakuru Route,Theft Attempt,Medium,Theft Attempt occurred during transit,0,489.46,1.6,Yes,445.09,Resolved,2024-08-09,No
INC-0161,TRP-2697,AST-028,DRV-092,2024-08-05,14:52:58,Kenya,Nairobi - Kisumu Route,Documentation Issue,Low,Documentation Issue occurred during transit,0,0.0,4.6,No,0,Pending,2024-08-06,No
INC-0162,TRP-2980,AST-103,DRV-125,2024-11-12,15:16:18,Tanzania,Ruhengeri - Dodoma Route,Tire Blowout,Medium,Tire Blowout occurred during transit,0,292.28,2.6,No,0,Resolved,2024-11-15,No
INC-0163,TRP-2357,AST-071,DRV-125,2024-06-08,02:34:13,Rwanda,Ruhengeri - Butare Route,Tire Blowout,Low,Tire Blowout occurred during transit,0,159.15,4.0,No,0,Resolved,2024-06-11,Yes
INC-0164,TRP-1060,AST-094,DRV-138,2024-08-11,00:18:34,Tanzania,Dodoma - Dar es Salaam Route,Documentation Issue,Low,Documentation Issue occurred during transit,0,0.0,2.6,No,0,Resolved,2024-08-22,No
INC-0165,TRP-2578,AST-078,DRV-132,2024-03-02,22:08:50,Tanzania,Mbarara - Mwanza Route,Traffic Accident,Medium,Traffic Accident occurred during transit,0,599.54,11.9,Yes,511.38,Resolved,2024-03-11,No
INC-0166,TRP-1120,AST-108,DRV-116,2024-08-26,08:10:57,Uganda,Entebbe - Kampala Route,Documentation Issue,Low,Documentation Issue occurred during transit,0,0.0,2.2,No,0,Resolved,2024-09-06,Yes
INC-0167,TRP-1345,AST-060,DRV-140,2024-04-16,22:03:07,Rwanda,Butare - Kigali Route,Mechanical Failure,High,Mechanical Failure occurred during transit,0,2944.07,10.9,Yes,2720.43,Resolved,2024-04-21,No
INC-0168,TRP-2551,AST-038,DRV-119,2024-10-28,14:56:09,Kenya,Mombasa - Mombasa Route,Documentation Issue,Low,Documentation Issue occurred during transit,0,0.0,4.7,No,0,Resolved,2024-11-09,Yes
INC-0169,TRP-1491,AST-028,DRV-092,2024-08-14,02:09:52,Kenya,Nakuru - Kisumu Route,Documentation Issue,Low,Documentation Issue occurred during transit,0,0.0,2.2,No,0,Resolved,2024-08-18,Yes
INC-0170,TRP-2856,AST-094,DRV-138,2024-11-12,01:49:40,Rwanda,Dar es Salaam - Cyangugu Route,Traffic Accident,Medium,Traffic Accident occurred during transit,0,929.8,8.2,Yes,820.2,Resolved,2024-11-25,No
INC-0171,TRP-1609,AST-053,DRV-080,2024-06-17,07:31:17,Ethiopia,Addis Ababa - Jinja Route,Mechanical Failure,Medium,Mechanical Failure occurred during transit,0,1252.52,8.1,Yes,1120.62,Resolved,2024-07-01,No
INC-0172,TRP-0322,AST-080,DRV-129,2024-10-22,13:44:01,Rwanda,Butare - Gisenyi Route,Mechanical Failure,Medium,Mechanical Failure occurred during transit,0,901.79,4.3,Yes,776.71,Resolved,2024-10-25,No
INC-0173,TRP-1079,AST-033,DRV-015,2024-06-08,04:40:03,Uganda,Mbarara - Gulu Route,Tire Blowout,Medium,Tire Blowout occurred during transit,0,470.35,2.5,Yes,441.18,Resolved,2024-06-22,No
INC-0174,TRP-0159,AST-018,DRV-029,2024-09-11,10:35:09,Kenya,Nakuru - Nakuru Route,Mechanical Failure,High,Mechanical Failure occurred during transit,0,2562.41,10.1,Yes,2183.28,Resolved,2024-09-17,No
INC-0175,TRP-2513,AST-119,DRV-022,2024-01-07,12:02:01,Ethiopia,Bahir Dar - Gondar Route,Cargo Damage,Low,Cargo Damage occurred during transit,0,743.25,0.0,Yes,702.85,Resolved,2024-01-14,Yes
INC-0176,TRP-1861,AST-048,DRV-034,2024-07-12,12:56:05,Rwanda,Mombasa - Ruhengeri Route,Cargo Damage,Medium,Cargo Damage occurred during transit,0,1153.18,0.0,Yes,1017.42,Resolved,2024-07-19,Yes
INC-0177,TRP-1859,AST-116,DRV-122,2024-03-24,19:09:19,Uganda,Jinja - Mbarara Route,Tire Blowout,Low,Tire Blowout occurred during transit,0,213.07,2.4,No,0,Resolved,2024-04-06,No
INC-0178,TRP-1266,AST-025,DRV-031,2024-11-08,19:13:36,Ethiopia,Entebbe - Dire Dawa Route,Tire Blowout,Medium,Tire Blowout occurred during transit,0,489.48,4.0,Yes,446.05,Resolved,2024-11-09,Yes
INC-0179,TRP-0346,AST-076,DRV-041,2024-08-10,01:10:32,Kenya,Nairobi - Kisumu Route,Traffic Accident,Low,Traffic Accident occurred during transit,0,307.57,10.4,Yes,289.13,Resolved,2024-08-18,No
INC-0180,TRP-2082,AST-040,DRV-070,2025-02-08,13:22:41,Kenya,Nakuru - Kisumu Route,Theft Attempt,Medium,Theft Attempt occurred during transit,0,537.75,2.5,Yes,499.08,Resolved,2025-02-09,No
INC-0181,TRP-1154,AST-107,DRV-004,2024-06-01,16:37:12,Tanzania,Nairobi - Mwanza Route,Cargo Damage,Low,Cargo Damage occurred during transit,0,883.85,0.0,Yes,806.38,Pending,2024-06-09,No
INC-0182,TRP-2993,AST-027,DRV-004,2024-06-19,11:11:33,Uganda,Nakuru - Mbarara Route,Driver Illness,Low,Driver Illness occurred during transit,0,89.15,29.2,No,0,Resolved,2024-06-27,Yes
INC-0183,TRP-0584,AST-003,DRV-105,2024-06-30,00:02:44,Kenya,Kisumu - Nakuru Route,Traffic Accident,Low,Traffic Accident occurred during transit,0,517.47,15.4,Yes,478.31,Resolved,2024-07-13,No
INC-0184,TRP-1559,AST-031,DRV-013,2024-12-20,11:43:31,Rwanda,Gisenyi - Ruhengeri Route,Traffic Accident,Low,Traffic Accident occurred during transit,0,503.72,8.1,Yes,434.76,Resolved,2024-12-30,No
INC-0185,TRP-1033,AST-031,DRV-013,2024-03-14,09:36:54,Rwanda,Gisenyi - Ruhengeri Route,Mechanical Failure,Low,Mechanical Failure occurred during transit,0,595.49,5.7,Yes,540.27,Resolved,2024-03-23,Yes
INC-0186,TRP-0119,AST-072,DRV-039,2024-05-22,18:35:26,Kenya,Nairobi - Mombasa Route,Theft Attempt,High,Theft Attempt occurred during transit,0,946.29,1.0,Yes,872.07,Resolved,2024-05-24,No
INC-0187,TRP-1334,AST-037,DRV-101,2024-03-26,07:57:07,Kenya,Nairobi - Addis Ababa Route,Driver Illness,Low,Driver Illness occurred during transit,0,128.82,17.9,No,0,Pending,2024-04-02,Yes
INC-0188,TRP-1012,AST-109,DRV-047,2025-01-26,05:23:52,Kenya,Eldoret - Mombasa Route,Cargo Damage,Low,Cargo Damage occurred during transit,0,830.85,0.0,Yes,712.13,Resolved,2025-02-03,No
INC-0189,TRP-1483,AST-012,DRV-065,2024-08-06,13:04:01,Tanzania,Arusha - Mwanza Route,Mechanical Failure,High,Mechanical Failure occurred during transit,0,1870.97,5.9,Yes,1608.39,Resolved,2024-08-20,No
INC-0190,TRP-2881,AST-016,DRV-056,2024-10-25,07:50:05,Uganda,Entebbe - Kampala Route,Mechanical Failure,High,Mechanical Failure occurred during transit,0,2310.5,8.6,Yes,2000.35,Resolved,2024-11-05,Yes
INC-0191,TRP-2450,AST-116,DRV-122,2024-04-25,17:57:08,Uganda,Gulu - Gulu Route,Cargo Damage,Medium,Cargo Damage occurred during transit,0,1385.23,0.0,Yes,1233.14,Resolved,2024-04-28,Yes
INC-0192,TRP-0906,AST-078,DRV-132,2024-03-12,19:55:53,Uganda,Gulu - Jinja Route,Documentation Issue,Low,Documentation Issue occurred during transit,0,0.0,5.5,No,0,Resolved,2024-03-22,Yes
INC-0193,TRP-0714,AST-006,DRV-129,2024-01-29,17:03:08,Ethiopia,Gisenyi - Addis Ababa Route,Documentation Issue,Low,Documentation Issue occurred during transit,0,0.0,2.3,No,0,Resolved,2024-02-12,Yes
INC-0194,TRP-0553,AST-026,DRV-040,2024-07-21,16:37:21,Tanzania,Arusha - Dar es Salaam Route,Tire Blowout,Medium,Tire Blowout occurred during transit,1,377.05,3.1,Yes,341.65,Resolved,2024-07-28,No
INC-0195,TRP-1895,AST-084,DRV-133,2025-01-22,17:48:48,Ethiopia,Dar es Salaam - Addis Ababa Route,Driver Illness,Medium,Driver Illness occurred during transit,0,259.23,18.2,No,0,Resolved,2025-01-28,No
INC-0196,TRP-1662,AST-103,DRV-125,2024-05-28,12:13:47,Rwanda,Kigali - Ruhengeri Route,Tire Blowout,Low,Tire Blowout occurred during transit,0,175.16,3.1,No,0,Resolved,2024-05-31,Yes
INC-0197,TRP-2405,AST-029,DRV-105,2024-01-10,06:35:15,Kenya,Nairobi - Mekele Route,Traffic Accident,High,Traffic Accident occurred during transit,0,1778.99,10.2,Yes,1561.01,Resolved,2024-01-18,No
INC-0198,TRP-1990,AST-018,DRV-029,2024-11-17,01:16:15,Kenya,Mombasa - Dodoma Route,Theft Attempt,High,Theft Attempt occurred during transit,0,764.86,2.4,Yes,698.1,Resolved,2024-11-27,No
INC-0199,TRP-0781,AST-119,DRV-022,2024-03-28,15:42:21,Ethiopia,Addis Ababa - Bahir Dar Route,Traffic Accident,High,Traffic Accident occurred during transit,0,1476.76,12.0,Yes,1362.83,Resolved,2024-04-03,No
INC-0200,TRP-2693,AST-038,DRV-119,2025-02-20,02:26:49,Kenya,Eldoret - Dar es Salaam Route,Cargo Damage,Low,Cargo Damage occurred during transit,0,783.74,0.0,Yes,729.95,Resolved,2025-02-26,No
INC-0201,TRP-0242,AST-015,DRV-116,2024-06-30,16:24:59,Uganda,Mbarara - Kampala Route,Documentation Issue,Low,Documentation Issue occurred during transit,0,0.0,2.5,No,0,Resolved,2024-07-04,Yes
INC-0202,TRP-2814,AST-014,DRV-099,2024-02-17,21:48:39,Ethiopia,Mekele - Mwanza Route,Driver Illness,Medium,Driver Illness occurred during transit,0,154.55,17.2,No,0,Resolved,2024-02-28,Yes
INC-0203,TRP-1864,AST-026,DRV-040,2024-12-07,15:46:13,Rwanda,Mbeya - Kigali Route,Mechanical Failure,Low,Mechanical Failure occurred during transit,0,546.4,6.0,Yes,472.71,Resolved,2024-12-09,Yes
INC-0204,TRP-0740,AST-098,DRV-044,2024-08-09,08:41:08,Kenya,Eldoret - Eldoret Route,Mechanical Failure,Low,Mechanical Failure occurred during transit,0,621.73,8.1,Yes,589.22,Resolved,2024-08-12,Yes
INC-0205,TRP-0489,AST-115,DRV-054,2024-04-09,10:36:27,Tanzania,Dodoma - Mbeya Route,Traffic Accident,Low,Traffic Accident occurred during transit,0,429.53,16.3,Yes,396.42,Resolved,2024-04-23,No
INC-0206,TRP-2090,AST-018,DRV-029,2024-04-11,11:14:02,Kenya,Kisumu - Nairobi Route,Documentation Issue,Low,Documentation Issue occurred during transit,0,0.0,2.6,No,0,Resolved,2024-04-22,No
INC-0207,TRP-1765,AST-107,DRV-004,2024-09-21,20:26:03,Kenya,Eldoret - Eldoret Route,Driver Illness,Medium,Driver Illness occurred during transit,0,162.75,23.5,No,0,Resolved,2024-09-24,No
INC-0208,TRP-1143,AST-017,DRV-089,2024-03-20,23:51:24,Uganda,Mombasa - Mbarara Route,Mechanical Failure,Medium,Mechanical Failure occurred during transit,0,1235.96,5.0,Yes,1058.7,Resolved,2024-03-31,No
INC-0209,TRP-1382,AST-044,DRV-001,2024-01-25,10:18:56,Uganda,Jinja - Jinja Route,Mechanical Failure,Low,Mechanical Failure occurred during transit,0,656.71,4.4,Yes,600.48,Resolved,2024-02-04,Yes
INC-0210,TRP-2781,AST-088,DRV-049,2024-10-26,18:38:13,Ethiopia,Mekele - Dire Dawa Route,Traffic Accident,Low,Traffic Accident occurred during transit,0,305.99,7.3,Yes,263.2,Resolved,2024-10-27,No
INC-0211,TRP-0907,AST-024,DRV-032,2024-11-10,19:48:42,Tanzania,Mwanza - Mbeya Route,Driver Illness,Medium,Driver Illness occurred during transit,0,167.62,19.2,No,0,Resolved,2024-11-12,Yes
INC-0212,TRP-0531,AST-059,DRV-048,2024-03-22,18:11:20,Uganda,Jinja - Mbarara Route,Mechanical Failure,Low,Mechanical Failure occurred during transit,0,623.44,7.9,Yes,589.09,Pending,2024-03-29,Yes
INC-0213,TRP-2801,AST-014,DRV-099,2025-02-27,21:04:33,Ethiopia,Dire Dawa - Bahir Dar Route,Theft Attempt,High,Theft Attempt occurred during transit,0,1008.67,1.1,Yes,948.73,Resolved,2025-03-07,No
INC-0214,TRP-1784,AST-046,DRV-117,2024-01-30,15:48:40,Kenya,Nairobi - Mbarara Route,Driver Illness,Medium,Driver Illness occurred during transit,0,244.24,34.8,No,0,Resolved,2024-02-06,No
INC-0215,TRP-0378,AST-085,DRV-113,2024-06-17,20:00:14,Tanzania,Mwanza - Dodoma Route,Documentation Issue,Low,Documentation Issue occurred during transit,0,0.0,5.2,No,0,Resolved,2024-06-28,No
INC-0216,TRP-1647,AST-119,DRV-022,2024-01-05,22:27:00,Ethiopia,Gondar - Dire Dawa Route,Traffic Accident,High,Traffic Accident occurred during transit,1,1606.8,10.8,Yes,1401.48,Resolved,2024-01-12,No
INC-0217,TRP-2532,AST-079,DRV-036,2024-05-20,12:00:40,Tanzania,Dar es Salaam - Mekele Route,Mechanical Failure,Low,Mechanical Failure occurred during transit,0,597.65,7.3,Yes,564.65,Resolved,2024-05-24,No
INC-0218,TRP-0314,AST-116,DRV-122,2024-04-25,09:49:32,Uganda,Jinja - Entebbe Route,Mechanical Failure,Low,Mechanical Failure occurred during transit,0,670.28,10.6,Yes,636.25,Resolved,2024-04-27,Yes
INC-0219,TRP-1920,AST-055,DRV-077,2024-12-22,20:07:35,Rwanda,Cyangugu - Butare Route,Documentation Issue,Low,Documentation Issue occurred during transit,0,0.0,2.1,No,0,Resolved,2024-12-26,No
INC-0220,TRP-1056,AST-011,DRV-085,2024-12-21,15:10:20,Kenya,Eldoret - Eldoret Route,Documentation Issue,Low,Documentation Issue occurred during transit,0,0.0,2.3,No,0,Resolved,2024-12-27,No
INC-0221,TRP-2346,AST-094,DRV-138,2024-12-03,15:48:45,Tanzania,Dodoma - Dar es Salaam Route,Tire Blowout,Low,Tire Blowout occurred during transit,0,176.33,4.0,No,0,Resolved,2024-12-07,Yes
INC-0222,TRP-2314,AST-058,DRV-077,2024-10-12,00:25:16,Rwanda,Butare - Kigali Route,Documentation Issue,Low,Documentation Issue occurred during transit,0,0.0,3.4,No,0,Resolved,2024-10-19,Yes
INC-0223,TRP-0910,AST-119,DRV-022,2024-11-04,11:55:25,Ethiopia,Addis Ababa - Bahir Dar Route,Tire Blowout,Medium,Tire Blowout occurred during transit,0,308.18,2.1,Yes,269.87,Resolved,2024-11-16,No
INC-0224,TRP-2619,AST-072,DRV-039,2024-01-11,12:37:57,Kenya,Nairobi - Eldoret Route,Theft Attempt,High,Theft Attempt occurred during transit,0,980.6,2.6,Yes,905.02,Resolved,2024-01-14,No
INC-0225,TRP-2499,AST-049,DRV-103,2024-03-21,08:46:42,Kenya,Nairobi - Ruhengeri Route,Driver Illness,Low,Driver Illness occurred during transit,0,128.59,12.6,No,0,Resolved,2024-03-23,Yes
INC-0226,TRP-1139,AST-088,DRV-049,2024-05-03,05:39:36,Ethiopia,Gondar - Gondar Route,Documentation Issue,Low,Documentation Issue occurred during transit,0,0.0,5.9,No,0,Resolved,2024-05-06,Yes
INC-0227,TRP-1414,AST-101,DRV-109,2024-05-16,05:49:30,Ethiopia,Mekele - Mekele Route,Tire Blowout,Low,Tire Blowout occurred during transit,0,178.28,3.0,No,0,Resolved,2024-05-27,No
INC-0228,TRP-2633,AST-109,DRV-047,2025-01-04,23:51:12,Kenya,Nakuru - Nairobi Route,Mechanical Failure,High,Mechanical Failure occurred during transit,0,2123.54,4.5,Yes,2011.17,Resolved,2025-01-16,No
INC-0229,TRP-0668,AST-010,DRV-030,2024-05-17,03:42:39,Tanzania,Mwanza - Dodoma Route,Cargo Damage,Low,Cargo Damage occurred during transit,0,881.29,0.0,Yes,810.62,Pending,2024-05-25,No
INC-0230,TRP-0681,AST-007,DRV-053,2024-05-19,10:34:09,Tanzania,Mwanza - Mwanza Route,Traffic Accident,Low,Traffic Accident occurred during transit,0,344.5,7.6,Yes,325.94,Resolved,2024-05-24,No
INC-0231,TRP-1831,AST-072,DRV-039,2025-02-24,07:17:19,Kenya,Mombasa - Nakuru Route,Documentation Issue,Low,Documentation Issue occurred during transit,0,0.0,3.4,No,0,Resolved,2025-03-04,Yes
INC-0232,TRP-2432,AST-109,DRV-047,2024-06-14,06:59:59,Kenya,Kisumu - Eldoret Route,Driver Illness,Medium,Driver Illness occurred during transit,0,210.84,31.1,No,0,Resolved,2024-06-26,No
INC-0233,TRP-0410,AST-108,DRV-116,2024-09-13,22:22:28,Uganda,Gulu - Jinja Route,Mechanical Failure,Medium,Mechanical Failure occurred during transit,1,950.96,4.2,Yes,855.63,Resolved,2024-09-25,No
INC-0234,TRP-2119,AST-075,DRV-101,2024-12-27,13:43:20,Kenya,Mombasa - Eldoret Route,Traffic Accident,Medium,Traffic Accident occurred during transit,0,585.22,12.0,Yes,553.3,Resolved,2024-12-31,No
INC-0235,TRP-0045,AST-090,DRV-027,2024-07-07,16:23:05,Rwanda,Cyangugu - Gisenyi Route,Documentation Issue,Low,Documentation Issue occurred during transit,0,0.0,5.5,No,0,Resolved,2024-07-09,Yes
INC-0236,TRP-1452,AST-045,DRV-099,2025-02-13,03:23:45,Ethiopia,Dire Dawa - Dire Dawa Route,Mechanical Failure,Low,Mechanical Failure occurred during transit,0,684.65,4.4,Yes,593.52,Resolved,2025-02-18,No
INC-0237,TRP-1287,AST-118,DRV-147,2024-11-04,23:41:16,Uganda,Kampala - Jinja Route,Driver Illness,Low,Driver Illness occurred during transit,0,76.75,31.4,No,0,Resolved,2024-11-14,No
INC-0238,TRP-1082,AST-003,DRV-105,2025-01-19,09:00:10,Kenya,Nakuru - Eldoret Route,Mechanical Failure,High,Mechanical Failure occurred during transit,0,1834.5,11.4,Yes,1663.76,Pending,2025-01-22,No
INC-0239,TRP-2013,AST-107,DRV-004,2024-02-18,03:41:12,Kenya,Kisumu - Nakuru Route,Documentation Issue,Low,Documentation Issue occurred during transit,0,0.0,5.5,No,0,Pending,2024-03-01,Yes
INC-0240,TRP-0209,AST-071,DRV-125,2024-05-04,02:14:15,Rwanda,Butare - Ruhengeri Route,Mechanical Failure,High,Mechanical Failure occurred during transit,0,1857.89,9.1,Yes,1691.28,Pending,2024-05-16,No
INC-0241,TRP-0228,AST-098,DRV-044,2024-10-20,14:51:14,Kenya,Kisumu - Kisumu Route,Cargo Damage,Medium,Cargo Damage occurred during transit,0,1436.77,0.0,Yes,1303.43,Resolved,2024-10-25,No
INC-0242,TRP-1704,AST-119,DRV-022,2024-05-22,21:12:57,Rwanda,Dire Dawa - Kigali Route,Documentation Issue,Low,Documentation Issue occurred during transit,0,0.0,2.5,No,0,Resolved,2024-05-31,No
INC-0243,TRP-2289,AST-071,DRV-125,2024-03-21,15:06:00,Rwanda,Gisenyi - Gisenyi Route,Tire Blowout,Low,Tire Blowout occurred during transit,0,200.88,3.5,No,0,Resolved,2024-03-29,Yes
INC-0244,TRP-2168,AST-029,DRV-105,2025-02-23,01:44:39,Kenya,Nairobi - Mombasa Route,Cargo Damage,Low,Cargo Damage occurred during transit,0,859.7,0.0,Yes,791.36,Resolved,2025-03-06,Yes
INC-0245,TRP-1986,AST-007,DRV-053,2024-05-25,13:54:29,Tanzania,Mwanza - Dodoma Route,Theft Attempt,High,Theft Attempt occurred during transit,0,854.97,2.5,Yes,753.49,Resolved,2024-05-31,No
INC-0246,TRP-0970,AST-040,DRV-070,2024-05-29,20:40:22,Kenya,Eldoret - Ruhengeri Route,Documentation Issue,Low,Documentation Issue occurred during transit,0,0.0,4.2,No,0,Pending,2024-06-01,Yes
INC-0247,TRP-0019,AST-101,DRV-109,2024-10-30,15:21:42,Ethiopia,Addis Ababa - Addis Ababa Route,Driver Illness,Medium,Driver Illness occurred during transit,0,186.82,16.8,No,0,Resolved,2024-11-10,No
INC-0248,TRP-2561,AST-031,DRV-013,2025-02-09,20:35:26,Rwanda,Ruhengeri - Kigali Route,Documentation Issue,Low,Documentation Issue occurred during transit,0,0.0,4.7,No,0,Resolved,2025-02-14,No
INC-0249,TRP-0576,AST-051,DRV-098,2024-12-18,23:59:39,Kenya,Eldoret - Nakuru Route,Mechanical Failure,Low,Mechanical Failure occurred during transit,0,741.88,5.2,Yes,681.88,Resolved,2025-01-01,No
INC-0250,TRP-2305,AST-034,DRV-099,2024-01-04,08:46:49,Ethiopia,Gondar - Mekele Route,Theft Attempt,High,Theft Attempt occurred during transit,0,904.38,1.8,Yes,806.42,Resolved,2024-01-10,No
INC-0251,TRP-1710,AST-113,DRV-076,2024-10-20,13:56:10,Rwanda,Ruhengeri - Ruhengeri Route,Documentation Issue,Low,Documentation Issue occurred during transit,0,0.0,3.1,No,0,Resolved,2024-10-24,Yes
INC-0252,TRP-2675,AST-006,DRV-129,2025-02-26,13:42:02,Rwanda,Cyangugu - Kigali Route,Theft Attempt,Medium,Theft Attempt occurred during transit,0,536.78,1.6,Yes,462.72,Resolved,2025-03-01,No
INC-0253,TRP-0530,AST-004,DRV-078,2024-09-21,17:30:34,Tanzania,Mbeya - Dar es Salaam Route,Mechanical Failure,Medium,Mechanical Failure occurred during transit,0,1213.16,10.9,Yes,1052.98,Resolved,2024-10-02,No
INC-0254,TRP-0102,AST-029,DRV-105,2024-11-22,22:02:25,Kenya,Nakuru - Eldoret Route,Tire Blowout,Low,Tire Blowout occurred during transit,0,215.11,1.5,No,0,Resolved,2024-11-28,No
INC-0255,TRP-1415,AST-034,DRV-099,2024-11-09,00:05:01,Ethiopia,Gondar - Bahir Dar Route,Tire Blowout,Low,Tire Blowout occurred during transit,0,213.23,3.4,No,0,Resolved,2024-11-10,No
INC-0256,TRP-1674,AST-086,DRV-122,2024-10-16,20:59:46,Ethiopia,Gulu - Gondar Route,Documentation Issue,Low,Documentation Issue occurred during transit,0,0.0,5.9,No,0,Resolved,2024-10-18,No
INC-0257,TRP-2653,AST-004,DRV-078,2024-02-02,01:09:13,Tanzania,Mbeya - Mbeya Route,Mechanical Failure,Medium,Mechanical Failure occurred during transit,0,1093.03,4.9,Yes,1013.78,Resolved,2024-02-10,No
INC-0258,TRP-1009,AST-016,DRV-056,2024-12-10,00:26:11,Uganda,Mbarara - Gulu Route,Documentation Issue,Low,Documentation Issue occurred during transit,0,0.0,2.5,No,0,Resolved,2024-12-11,No
INC-0259,TRP-0953,AST-018,DRV-029,2024-08-06,20:21:31,Kenya,Kisumu - Kisumu Route,Driver Illness,Low,Driver Illness occurred during transit,0,89.15,28.5,No,0,Resolved,2024-08-19,No
INC-0260,TRP-1602,AST-097,DRV-130,2025-01-17,09:27:46,Kenya,Eldoret - Kampala Route,Traffic Accident,High,Traffic Accident occurred during transit,0,1511.79,9.0,Yes,1415.31,Pending,2025-01-22,No
INC-0261,TRP-1061,AST-019,DRV-071,2024-02-16,19:58:47,Kenya,Nakuru - Mombasa Route,Mechanical Failure,Low,Mechanical Failure occurred during transit,0,732.49,4.6,Yes,665.38,Resolved,2024-02-28,No
INC-0262,TRP-0197,AST-085,DRV-113,2024-07-20,08:27:05,Tanzania,Dar es Salaam - Dodoma Route,Traffic Accident,Medium,Traffic Accident occurred during transit,1,579.2,17.7,Yes,496.93,Resolved,2024-07-24,No
INC-0263,TRP-2371,AST-045,DRV-099,2025-02-02,08:29:00,Ethiopia,Bahir Dar - Mekele Route,Theft Attempt,High,Theft Attempt occurred during transit,0,823.63,1.9,Yes,741.91,Resolved,2025-02-06,No
INC-0264,TRP-1854,AST-113,DRV-076,2024-10-12,04:19:19,Rwanda,Cyangugu - Ruhengeri Route,Theft Attempt,High,Theft Attempt occurred during transit,0,1292.37,2.2,Yes,1224.6,Resolved,2024-10-24,No
INC-0265,TRP-1672,AST-049,DRV-103,2025-02-03,11:12:16,Ethiopia,Eldoret - Gondar Route,Tire Blowout,Low,Tire Blowout occurred during transit,0,174.46,4.0,No,0,Resolved,2025-02-07,Yes
INC-0266,TRP-0601,AST-082,DRV-047,2024-09-15,11:28:28,Kenya,Nakuru - Nakuru Route,Mechanical Failure,Medium,Mechanical Failure occurred during transit,0,875.19,5.7,Yes,758.62,Pending,2024-09-20,No
INC-0267,TRP-2227,AST-027,DRV-004,2024-01-23,20:40:08,Kenya,Nairobi - Dar es Salaam Route,Documentation Issue,Low,Documentation Issue occurred during transit,0,0.0,2.3,No,0,Resolved,2024-01-29,No
INC-0268,TRP-0660,AST-040,DRV-070,2024-02-29,12:47:46,Kenya,Kisumu - Nakuru Route,Traffic Accident,High,Traffic Accident occurred during transit,1,1895.06,13.0,Yes,1724.4,Resolved,2024-03-14,No
INC-0269,TRP-1816,AST-029,DRV-105,2024-11-27,03:38:43,Kenya,Nairobi - Nakuru Route,Documentation Issue,Low,Documentation Issue occurred during transit,0,0.0,3.7,No,0,Resolved,2024-12-07,No
INC-0270,TRP-0349,AST-068,DRV-118,2024-08-05,21:42:11,Uganda,Jinja - Jinja Route,Mechanical Failure,Low,Mechanical Failure occurred during transit,0,625.58,9.9,Yes,586.94,Resolved,2024-08-18,No
INC-0271,TRP-2705,AST-109,DRV-047,2024-10-14,07:29:52,Ethiopia,Nakuru - Mekele Route,Mechanical Failure,Medium,Mechanical Failure occurred during transit,0,957.68,4.5,Yes,901.49,Pending,2024-10-28,Yes
INC-0272,TRP-0653,AST-115,DRV-054,2024-10-03,08:49:31,Tanzania,Dar es Salaam - Arusha Route,Documentation Issue,Low,Documentation Issue occurred during transit,0,0.0,2.8,No,0,Resolved,2024-10-07,No
INC-0273,TRP-2285,AST-027,DRV-004,2024-11-07,04:53:29,Tanzania,Mombasa - Dar es Salaam Route,Mechanical Failure,High,Mechanical Failure occurred during transit,0,2081.44,5.6,Yes,1792.48,Resolved,2024-11-09,No
INC-0274,TRP-2252,AST-037,DRV-101,2025-02-25,03:49:48,Uganda,Kisumu - Jinja Route,Tire Blowout,Low,Tire Blowout occurred during transit,0,170.0,1.5,No,0,Resolved,2025-03-04,Yes
INC-0275,TRP-0722,AST-020,DRV-104,2024-12-10,00:55:31,Rwanda,Cyangugu - Bahir Dar Route,Driver Illness,Low,Driver Illness occurred during transit,0,129.12,28.8,No,0,Resolved,2024-12-13,No
INC-0276,TRP-1681,AST-048,DRV-034,2024-07-27,15:54:04,Kenya,Eldoret - Nakuru Route,Documentation Issue,Low,Documentation Issue occurred during transit,0,0.0,5.4,No,0,Resolved,2024-07-29,Yes
INC-0277,TRP-1003,AST-107,DRV-004,2024-01-25,22:09:19,Kenya,Kisumu - Nakuru Route,Mechanical Failure,High,Mechanical Failure occurred during transit,0,2846.47,5.4,Yes,2650.8,Resolved,2024-01-30,No
INC-0278,TRP-0503,AST-027,DRV-004,2024-10-04,02:31:06,Kenya,Eldoret - Kisumu Route,Tire Blowout,Medium,Tire Blowout occurred during transit,2,467.21,3.7,Yes,400.82,Pending,2024-10-14,Yes
INC-0279,TRP-0081,AST-031,DRV-013,2024-11-29,14:02:52,Rwanda,Gisenyi - Cyangugu Route,Driver Illness,Low,Driver Illness occurred during transit,0,74.44,17.5,No,0,Resolved,2024-12-01,Yes
INC-0280,TRP-2328,AST-094,DRV-138,2025-01-11,03:24:53,Tanzania,Mwanza - Arusha Route,Mechanical Failure,Medium,Mechanical Failure occurred during transit,1,1261.1,8.8,Yes,1137.17,Resolved,2025-01-24,Yes
INC-0281,TRP-1663,AST-081,DRV-122,2024-10-01,08:49:06,Ethiopia,Gulu - Mekele Route,Driver Illness,Medium,Driver Illness occurred during transit,1,246.94,23.5,No,0,Resolved,2024-10-04,No
INC-0282,TRP-2237,AST-008,DRV-031,2024-08-30,20:49:01,Uganda,Mbarara - Mbarara Route,Traffic Accident,Low,Traffic Accident occurred during transit,0,380.95,16.7,Yes,330.14,Resolved,2024-09-10,No
INC-0283,TRP-1867,AST-101,DRV-109,2024-05-07,19:48:45,Ethiopia,Gondar - Eldoret Route,Mechanical Failure,Medium,Mechanical Failure occurred during transit,1,1345.08,9.4,Yes,1174.76,Resolved,2024-05-16,No
INC-0284,TRP-0707,AST-101,DRV-109,2025-02-22,12:55:36,Ethiopia,Dire Dawa - Mekele Route,Driver Illness,Medium,Driver Illness occurred during transit,1,141.1,29.0,No,0,Resolved,2025-03-05,No
INC-0285,TRP-1532,AST-082,DRV-047,2024-07-23,05:18:53,Kenya,Nairobi - Nairobi Route,Traffic Accident,Medium,Traffic Accident occurred during transit,0,916.87,17.0,Yes,799.48,Pending,2024-08-02,No
INC-0286,TRP-1228,AST-060,DRV-140,2024-09-26,11:48:50,Rwanda,Cyangugu - Ruhengeri Route,Mechanical Failure,High,Mechanical Failure occurred during transit,0,2158.16,6.3,Yes,1961.04,Resolved,2024-09-27,Yes
INC-0287,TRP-0191,AST-026,DRV-040,2024-08-21,07:57:50,Tanzania,Arusha - Bahir Dar Route,Cargo Damage,Low,Cargo Damage occurred during transit,0,639.29,0.0,Yes,546.41,Resolved,2024-08-24,Yes
INC-0288,TRP-1803,AST-018,DRV-029,2024-12-16,09:53:49,Kenya,Nairobi - Nairobi Route,Mechanical Failure,Medium,Mechanical Failure occurred during transit,0,1106.04,7.4,Yes,1027.92,Resolved,2024-12-23,Yes
INC-0289,TRP-2019,AST-041,DRV-044,2024-10-23,10:26:45,Tanzania,Mombasa - Mbeya Route,Documentation Issue,Low,Documentation Issue occurred during transit,0,0.0,3.6,No,0,Resolved,2024-11-06,No
INC-0290,TRP-1034,AST-072,DRV-039,2024-03-08,02:25:30,Kenya,Nairobi - Dar es Salaam Route,Tire Blowout,Medium,Tire Blowout occurred during transit,0,391.14,3.0,Yes,359.63,Resolved,2024-03-09,Yes
INC-0291,TRP-2208,AST-049,DRV-103,2024-11-04,21:02:55,Kenya,Eldoret - Kisumu Route,Mechanical Failure,High,Mechanical Failure occurred during transit,0,1862.35,8.3,Yes,1644.77,Resolved,2024-11-12,Yes
INC-0292,TRP-2171,AST-016,DRV-056,2024-12-12,22:29:56,Uganda,Mbarara - Kampala Route,Tire Blowout,Low,Tire Blowout occurred during transit,0,244.63,1.6,No,0,Resolved,2024-12-22,No
INC-0293,TRP-0301,AST-082,DRV-047,2024-02-03,02:21:34,Kenya,Mombasa - Kisumu Route,Traffic Accident,Low,Traffic Accident occurred during transit,0,492.18,9.9,Yes,444.46,Resolved,2024-02-13,No
INC-0294,TRP-1702,AST-034,DRV-099,2024-11-20,15:44:14,Ethiopia,Dire Dawa - Gisenyi Route,Traffic Accident,Medium,Traffic Accident occurred during transit,0,993.89,13.3,Yes,858.16,Resolved,2024-12-01,No
INC-0295,TRP-2080,AST-038,DRV-119,2024-09-16,21:12:09,Kenya,Kisumu - Kisumu Route,Traffic Accident,Medium,Traffic Accident occurred during transit,0,958.58,12.3,Yes,881.42,Resolved,2024-09-23,No
INC-0296,TRP-0622,AST-107,DRV-004,2024-03-16,10:40:57,Kenya,Nairobi - Jinja Route,Theft Attempt,High,Theft Attempt occurred during transit,0,1071.83,2.9,Yes,949.73,Resolved,2024-03-19,No
INC-0297,TRP-0044,AST-094,DRV-138,2025-01-01,03:05:33,Tanzania,Dar es Salaam - Dodoma Route,Driver Illness,Medium,Driver Illness occurred during transit,0,155.2,35.1,No,0,Resolved,2025-01-13,No
INC-0298,TRP-2793,AST-017,DRV-089,2024-12-10,11:23:44,Kenya,Nakuru - Mombasa Route,Documentation Issue,Low,Documentation Issue occurred during transit,0,0.0,2.5,No,0,Resolved,2024-12-11,Yes
INC-0299,TRP-0885,AST-067,DRV-060,2024-12-15,16:43:41,Rwanda,Butare - Butare Route,Cargo Damage,Medium,Cargo Damage occurred during transit,0,1107.14,0.0,Yes,967.1,Resolved,2024-12-24,No
INC-0300,TRP-0669,AST-119,DRV-022,2024-02-10,08:06:35,Ethiopia,Mekele - Addis Ababa Route,Mechanical Failure,Low,Mechanical Failure occurred during transit,0,727.77,8.1,Yes,680.58,Resolved,2024-02-18,Yes
INC-0301,TRP-2126,AST-114,DRV-015,2024-07-25,05:27:29,Rwanda,Mbarara - Butare Route,Theft Attempt,Medium,Theft Attempt occurred during transit,0,461.92,1.1,Yes,428.98,Resolved,2024-08-06,No
INC-0302,TRP-0376,AST-056,DRV-028,2024-09-05,05:17:48,Uganda,Mbarara - Entebbe Route,Mechanical Failure,Low,Mechanical Failure occurred during transit,0,507.29,5.1,Yes,476.06,Resolved,2024-09-13,Yes
INC-0303,TRP-2846,AST-076,DRV-041,2024-07-08,06:05:00,Kenya,Eldoret - Addis Ababa Route,Theft Attempt,Medium,Theft Attempt occurred during transit,0,624.13,2.2,Yes,535.5,Resolved,2024-07-13,No
INC-0304,TRP-1892,AST-037,DRV-101,2024-06-18,23:48:53,Rwanda,Nairobi - Ruhengeri Route,Documentation Issue,Low,Documentation Issue occurred during transit,0,0.0,2.3,No,0,Resolved,2024-07-01,No
INC-0305,TRP-1988,AST-024,DRV-032,2024-09-11,05:13:51,Tanzania,Arusha - Mbeya Route,Driver Illness,Medium,Driver Illness occurred during transit,0,201.32,23.5,No,0,Resolved,2024-09-22,Yes
INC-0306,TRP-0893,AST-084,DRV-133,2024-05-03,02:53:40,Tanzania,Mbeya - Jinja Route,Theft Attempt,High,Theft Attempt occurred during transit,0,936.38,1.5,Yes,863.92,Resolved,2024-05-04,No
INC-0307,TRP-0464,AST-029,DRV-105,2024-09-28,01:26:41,Kenya,Kisumu - Mbarara Route,Driver Illness,Low,Driver Illness occurred during transit,0,101.32,31.8,No,0,Pending,2024-10-03,No
INC-0308,TRP-1865,AST-077,DRV-018,2024-09-24,04:15:12,Tanzania,Mbeya - Mbeya Route,Tire Blowout,Medium,Tire Blowout occurred during transit,0,421.68,3.4,Yes,392.09,Resolved,2024-09-29,Yes
INC-0309,TRP-1900,AST-058,DRV-077,2024-01-02,23:01:54,Rwanda,Butare - Gulu Route,Traffic Accident,Medium,Traffic Accident occurred during transit,0,872.8,16.0,Yes,825.43,Resolved,2024-01-08,No
INC-0310,TRP-1213,AST-033,DRV-015,2024-01-09,03:31:22,Ethiopia,Gulu - Gondar Route,Traffic Accident,High,Traffic Accident occurred during transit,0,1505.2,9.1,Yes,1363.74,Resolved,2024-01-11,No
INC-0311,TRP-0690,AST-014,DRV-099,2024-10-13,14:51:44,Ethiopia,Addis Ababa - Gondar Route,Traffic Accident,Low,Traffic Accident occurred during transit,0,402.79,7.1,Yes,368.72,Resolved,2024-10-14,No
INC-0312,TRP-1972,AST-098,DRV-044,2025-01-11,02:14:32,Kenya,Nakuru - Kisumu Route,Traffic Accident,Low,Traffic Accident occurred during transit,0,314.43,10.3,Yes,278.91,Resolved,2025-01-17,No
INC-0313,TRP-2196,AST-097,DRV-130,2024-08-23,00:24:09,Kenya,Nakuru - Nairobi Route,Theft Attempt,High,Theft Attempt occurred during transit,0,1189.68,1.0,Yes,1095.53,Resolved,2024-08-28,No
INC-0314,TRP-2476,AST-007,DRV-053,2025-02-07,13:11:38,Tanzania,Dar es Salaam - Arusha Route,Mechanical Failure,High,Mechanical Failure occurred during transit,0,2388.21,6.0,Yes,2140.74,Resolved,2025-02-15,Yes
INC-0315,TRP-2627,AST-045,DRV-099,2024-08-12,03:37:51,Ethiopia,Dire Dawa - Gulu Route,Driver Illness,Low,Driver Illness occurred during transit,0,112.19,27.1,No,0,Resolved,2024-08-16,Yes
INC-0316,TRP-1085,AST-013,DRV-048,2024-07-11,09:05:36,Uganda,Mbarara - Dire Dawa Route,Driver Illness,Medium,Driver Illness occurred during transit,0,225.16,17.4,No,0,Resolved,2024-07-17,No
INC-0317,TRP-0776,AST-081,DRV-122,2024-02-04,14:31:52,Uganda,Gulu - Kampala Route,Driver Illness,Low,Driver Illness occurred during transit,0,117.44,21.4,No,0,Resolved,2024-02-06,No
INC-0318,TRP-1959,AST-046,DRV-117,2024-02-28,18:30:21,Kenya,Mombasa - Mombasa Route,Theft Attempt,Medium,Theft Attempt occurred during transit,0,425.27,2.2,Yes,369.42,Resolved,2024-03-03,No
INC-0319,TRP-2231,AST-026,DRV-040,2024-04-05,07:55:44,Tanzania,Dar es Salaam - Mbeya Route,Driver Illness,Medium,Driver Illness occurred during transit,0,226.82,28.8,No,0,Resolved,2024-04-17,No
INC-0320,TRP-2288,AST-042,DRV-053,2025-02-24,21:08:09,Tanzania,Arusha - Addis Ababa Route,Documentation Issue,Low,Documentation Issue occurred during transit,0,0.0,5.8,No,0,Resolved,2025-03-07,No
INC-0321,TRP-1927,AST-094,DRV-138,2024-11-20,19:19:34,Tanzania,Mwanza - Mbeya Route,Traffic Accident,Low,Traffic Accident occurred during transit,0,378.94,15.9,Yes,336.13,Resolved,2024-12-02,No
INC-0322,TRP-0656,AST-007,DRV-053,2024-01-24,02:17:41,Tanzania,Arusha - Mekele Route,Driver Illness,Medium,Driver Illness occurred during transit,1,217.2,16.8,No,0,Resolved,2024-02-05,Yes
INC-0323,TRP-2971,AST-017,DRV-089,2024-08-16,08:39:02,Kenya,Kisumu - Eldoret Route,Driver Illness,Medium,Driver Illness occurred during transit,0,158.1,18.6,No,0,Resolved,2024-08-28,Yes
INC-0324,TRP-0568,AST-088,DRV-049,2025-02-06,01:55:23,Ethiopia,Addis Ababa - Bahir Dar Route,Mechanical Failure,High,Mechanical Failure occurred during transit,0,2849.69,6.1,Yes,2538.79,Resolved,2025-02-14,No
INC-0325,TRP-1890,AST-112,DRV-057,2024-09-07,06:44:05,Tanzania,Arusha - Dodoma Route,Documentation Issue,Low,Documentation Issue occurred during transit,0,0.0,4.5,No,0,Resolved,2024-09-19,No
INC-0326,TRP-1431,AST-114,DRV-015,2024-02-15,07:19:25,Uganda,Entebbe - Gulu Route,Mechanical Failure,High,Mechanical Failure occurred during transit,0,2569.81,8.5,Yes,2187.12,Resolved,2024-02-27,Yes
INC-0327,TRP-2053,AST-082,DRV-047,2024-08-18,01:58:19,Kenya,Kisumu - Eldoret Route,Driver Illness,Low,Driver Illness occurred during transit,0,89.21,22.7,No,0,Resolved,2024-08-31,No
INC-0328,TRP-0332,AST-003,DRV-105,2024-10-21,11:10:31,Kenya,Nakuru - Addis Ababa Route,Documentation Issue,Low,Documentation Issue occurred during transit,0,0.0,2.7,No,0,Resolved,2024-10-30,Yes
INC-0329,TRP-1118,AST-076,DRV-041,2024-12-13,05:45:44,Kenya,Nairobi - Mombasa Route,Cargo Damage,Medium,Cargo Damage occurred during transit,1,1405.76,0.0,Yes,1204.11,Resolved,2024-12-27,Yes
INC-0330,TRP-0103,AST-085,DRV-113,2024-07-07,04:05:38,Tanzania,Mwanza - Mbeya Route,Theft Attempt,Medium,Theft Attempt occurred during transit,0,480.13,2.4,Yes,428.66,Resolved,2024-07-10,No
INC-0331,TRP-1566,AST-109,DRV-047,2024-06-06,14:56:35,Kenya,Nakuru - Eldoret Route,Mechanical Failure,Medium,Mechanical Failure occurred during transit,0,1448.43,4.9,Yes,1351.19,Resolved,2024-06-17,No
INC-0332,TRP-1343,AST-019,DRV-071,2024-04-29,03:31:30,Kenya,Eldoret - Eldoret Route,Mechanical Failure,Medium,Mechanical Failure occurred during transit,0,1140.76,9.3,Yes,982.67,Resolved,2024-05-07,No
INC-0333,TRP-0235,AST-097,DRV-130,2024-09-03,10:50:15,Kenya,Nairobi - Eldoret Route,Mechanical Failure,Low,Mechanical Failure occurred during transit,0,514.23,10.6,Yes,451.07,Resolved,2024-09-04,Yes
INC-0334,TRP-1358,AST-084,DRV-133,2024-09-05,17:58:19,Tanzania,Dodoma - Mbeya Route,Driver Illness,Medium,Driver Illness occurred during transit,0,162.63,28.8,No,0,Resolved,2024-09-06,Yes
INC-0335,TRP-2719,AST-037,DRV-101,2024-07-30,22:00:20,Ethiopia,Nairobi - Gondar Route,Mechanical Failure,Medium,Mechanical Failure occurred during transit,0,924.86,6.0,Yes,861.29,Resolved,2024-08-08,Yes
INC-0336,TRP-0033,AST-007,DRV-053,2024-05-13,01:27:55,Tanzania,Mwanza - Mwanza Route,Traffic Accident,High,Traffic Accident occurred during transit,0,1647.63,7.9,Yes,1524.73,Resolved,2024-05-27,No
INC-0337,TRP-2342,AST-090,DRV-027,2024-05-28,06:19:04,Rwanda,Ruhengeri - Nakuru Route,Documentation Issue,Low,Documentation Issue occurred during transit,0,0.0,4.8,No,0,Resolved,2024-06-08,No
INC-0338,TRP-2615,AST-088,DRV-049,2025-02-16,20:54:21,Ethiopia,Mekele - Dire Dawa Route,Theft Attempt,Medium,Theft Attempt occurred during transit,0,509.24,1.5,Yes,439.98,Resolved,2025-02-20,No
INC-0339,TRP-1515,AST-082,DRV-047,2024-12-29,18:33:49,Kenya,Eldoret - Bahir Dar Route,Tire Blowout,Medium,Tire Blowout occurred during transit,0,346.31,4.3,Yes,314.08,Resolved,2025-01-02,Yes
INC-0340,TRP-0879,AST-029,DRV-105,2024-01-12,07:32:11,Kenya,Mombasa - Kisumu Route,Theft Attempt,Medium,Theft Attempt occurred during transit,2,588.71,2.1,Yes,554.91,Resolved,2024-01-25,No
INC-0341,TRP-0441,AST-075,DRV-101,2024-07-05,09:23:35,Kenya,Kisumu - Kigali Route,Traffic Accident,Low,Traffic Accident occurred during transit,0,497.43,12.1,Yes,462.11,Resolved,2024-07-17,No
INC-0342,TRP-1752,AST-118,DRV-147,2024-02-24,14:41:31,Uganda,Gulu - Dar es Salaam Route,Documentation Issue,Low,Documentation Issue occurred during transit,0,0.0,4.1,No,0,Resolved,2024-03-01,Yes
INC-0343,TRP-1220,AST-048,DRV-034,2024-02-26,14:13:25,Kenya,Nairobi - Dire Dawa Route,Traffic Accident,High,Traffic Accident occurred during transit,1,1147.79,13.9,Yes,998.59,Resolved,2024-03-03,No
INC-0344,TRP-1808,AST-095,DRV-005,2025-01-11,19:56:07,Rwanda,Gisenyi - Ruhengeri Route,Mechanical Failure,High,Mechanical Failure occurred during transit,1,2166.53,9.0,Yes,1941.08,Resolved,2025-01-15,Yes
INC-0345,TRP-0195,AST-021,DRV-077,2025-02-06,23:11:53,Rwanda,Gisenyi - Arusha Route,Driver Illness,Low,Driver Illness occurred during transit,0,104.2,34.6,No,0,Pending,2025-02-17,No
INC-0346,TRP-2716,AST-112,DRV-057,2024-07-07,06:10:27,Tanzania,Dodoma - Mwanza Route,Tire Blowout,Medium,Tire Blowout occurred during transit,2,443.05,3.7,Yes,385.32,Resolved,2024-07-21,No
INC-0347,TRP-2503,AST-063,DRV-133,2024-09-13,11:04:02,Tanzania,Dar es Salaam - Dodoma Route,Tire Blowout,Low,Tire Blowout occurred during transit,0,166.17,3.1,No,0,Pending,2024-09-16,Yes
INC-0348,TRP-2594,AST-040,DRV-070,2024-03-09,06:24:32,Kenya,Nairobi - Kisumu Route,Theft Attempt,High,Theft Attempt occurred during transit,0,1285.03,1.0,Yes,1140.8,Resolved,2024-03-22,No
INC-0349,TRP-1080,AST-077,DRV-018,2024-03-21,17:34:40,Uganda,Mwanza - Mbarara Route,Driver Illness,Medium,Driver Illness occurred during transit,0,201.82,16.1,No,0,Resolved,2024-04-02,No
INC-0350,TRP-2253,AST-024,DRV-032,2024-07-12,03:28:12,Ethiopia,Mbeya - Mekele Route,Theft Attempt,Medium,Theft Attempt occurred during transit,0,508.24,1.4,Yes,482.2,Resolved,2024-07-16,No
INC-0351,TRP-2275,AST-056,DRV-028,2024-05-19,12:15:46,Uganda,Jinja - Mbarara Route,Driver Illness,Medium,Driver Illness occurred during transit,0,182.87,29.1,No,0,Resolved,2024-05-30,No
INC-0352,TRP-1910,AST-094,DRV-138,2024-07-22,19:35:29,Tanzania,Dar es Salaam - Arusha Route,Mechanical Failure,Medium,Mechanical Failure occurred during transit,0,894.71,6.4,Yes,787.78,Resolved,2024-08-02,Yes
INC-0353,TRP-1386,AST-077,DRV-018,2024-09-12,09:43:51,Tanzania,Dodoma - Mbeya Route,Cargo Damage,Low,Cargo Damage occurred during transit,0,563.14,0.0,Yes,484.81,Resolved,2024-09-22,Yes
INC-0354,TRP-0783,AST-061,DRV-125,2024-12-24,11:12:47,Rwanda,Butare - Dar es Salaam Route,Driver Illness,Low,Driver Illness occurred during transit,0,110.11,14.4,No,0,Resolved,2024-12-30,No
INC-0355,TRP-1108,AST-063,DRV-133,2024-05-25,01:14:58,Rwanda,Mbeya - Gisenyi Route,Documentation Issue,Low,Documentation Issue occurred during transit,0,0.0,5.6,No,0,Resolved,2024-05-27,No
INC-0356,TRP-0148,AST-101,DRV-109,2024-03-28,10:37:12,Ethiopia,Addis Ababa - Addis Ababa Route,Theft Attempt,High,Theft Attempt occurred during transit,0,914.35,1.8,Yes,791.7,Resolved,2024-04-05,No
INC-0357,TRP-1979,AST-076,DRV-041,2024-02-23,19:27:33,Kenya,Mombasa - Kisumu Route,Driver Illness,Medium,Driver Illness occurred during transit,0,182.85,24.0,No,0,Resolved,2024-02-24,No
INC-0358,TRP-2643,AST-094,DRV-138,2024-02-26,00:48:58,Rwanda,Mbeya - Butare Route,Theft Attempt,Medium,Theft Attempt occurred during transit,0,478.37,1.6,Yes,429.37,Resolved,2024-03-05,No
INC-0359,TRP-2588,AST-014,DRV-099,2025-02-09,01:44:04,Tanzania,Dire Dawa - Dar es Salaam Route,Documentation Issue,Low,Documentation Issue occurred during transit,0,0.0,3.9,No,0,Resolved,2025-02-17,Yes
INC-0360,TRP-2753,AST-119,DRV-022,2024-04-05,16:07:21,Ethiopia,Gondar - Bahir Dar Route,Tire Blowout,Medium,Tire Blowout occurred during transit,0,453.66,1.8,Yes,394.21,Resolved,2024-04-12,No
INC-0361,TRP-0886,AST-070,DRV-047,2024-01-04,05:58:49,Uganda,Mombasa - Kampala Route,Traffic Accident,Medium,Traffic Accident occurred during transit,2,657.36,8.1,Yes,612.73,Resolved,2024-01-17,No
INC-0362,TRP-0738,AST-019,DRV-071,2024-08-24,19:31:43,Kenya,Nakuru - Mombasa Route,Documentation Issue,Low,Documentation Issue occurred during transit,0,0.0,2.8,No,0,Pending,2024-08-30,No
INC-0363,TRP-2202,AST-094,DRV-138,2024-12-07,17:24:40,Tanzania,Mwanza - Dar es Salaam Route,Theft Attempt,High,Theft Attempt occurred during transit,0,1278.96,1.4,Yes,1187.02,Resolved,2024-12-16,No
INC-0364,TRP-2604,AST-102,DRV-140,2024-01-04,02:38:09,Kenya,Kigali - Nakuru Route,Traffic Accident,Low,Traffic Accident occurred during transit,0,484.93,12.9,Yes,424.41,Pending,2024-01-15,No
INC-0365,TRP-1214,AST-112,DRV-057,2024-09-11,10:54:09,Tanzania,Dodoma - Arusha Route,Documentation Issue,Low,Documentation Issue occurred during transit,0,0.0,3.0,No,0,Resolved,2024-09-15,No
INC-0366,TRP-1413,AST-066,DRV-021,2025-02-13,07:56:54,Tanzania,Mwanza - Jinja Route,Traffic Accident,Medium,Traffic Accident occurred during transit,0,703.89,10.9,Yes,655.85,Resolved,2025-02-19,No
INC-0367,TRP-1541,AST-045,DRV-099,2024-12-22,05:40:09,Ethiopia,Gondar - Bahir Dar Route,Theft Attempt,Medium,Theft Attempt occurred during transit,0,469.18,2.5,Yes,413.23,Resolved,2025-01-03,No
INC-0368,TRP-2225,AST-097,DRV-130,2024-11-10,17:19:19,Kenya,Eldoret - Nairobi Route,Traffic Accident,Medium,Traffic Accident occurred during transit,0,565.95,16.8,Yes,481.06,Resolved,2024-11-16,No
INC-0369,TRP-2096,AST-048,DRV-034,2024-12-25,18:30:29,Kenya,Eldoret - Nairobi Route,Cargo Damage,Medium,Cargo Damage occurred during transit,0,1651.31,0.0,Yes,1482.81,Resolved,2025-01-03,Yes
INC-0370,TRP-2351,AST-033,DRV-015,2025-01-22,14:34:45,Uganda,Jinja - Mbarara Route,Cargo Damage,Medium,Cargo Damage occurred during transit,0,1440.46,0.0,Yes,1254.93,Resolved,2025-02-01,Yes
INC-0371,TRP-0964,AST-049,DRV-103,2024-06-15,15:57:55,Tanzania,Nairobi - Dar es Salaam Route,Traffic Accident,Medium,Traffic Accident occurred during transit,0,981.92,7.2,Yes,882.54,Resolved,2024-06-27,No
INC-0372,TRP-0589,AST-048,DRV-034,2024-02-23,04:19:56,Kenya,Mombasa - Mombasa Route,Documentation Issue,Low,Documentation Issue occurred during transit,0,0.0,4.6,No,0,Resolved,2024-02-24,No
INC-0373,TRP-2677,AST-003,DRV-105,2025-02-15,07:24:53,Kenya,Eldoret - Nairobi Route,Cargo Damage,Medium,Cargo Damage occurred during transit,0,1712.78,0.0,Yes,1626.96,Resolved,2025-02-16,Yes
INC-0374,TRP-2149,AST-028,DRV-092,2024-07-05,01:12:59,Kenya,Kisumu - Nakuru Route,Tire Blowout,Medium,Tire Blowout occurred during transit,1,430.56,1.6,Yes,395.51,Resolved,2024-07-09,No
INC-0375,TRP-0268,AST-027,DRV-004,2024-08-31,23:10:49,Kenya,Mombasa - Mbeya Route,Tire Blowout,Low,Tire Blowout occurred during transit,0,173.69,2.6,No,0,Resolved,2024-09-05,No
INC-0376,TRP-2611,AST-094,DRV-138,2024-12-22,08:56:51,Tanzania,Mwanza - Mbeya Route,Mechanical Failure,Low,Mechanical Failure occurred during transit,0,764.51,8.9,Yes,672.45,Resolved,2024-12-24,Yes
INC-0377,TRP-1966,AST-107,DRV-004,2024-06-28,06:52:38,Kenya,Nairobi - Bahir Dar Route,Theft Attempt,High,Theft Attempt occurred during transit,2,1283.76,1.2,Yes,1184.28,Pending,2024-06-29,No
INC-0378,TRP-0357,AST-024,DRV-032,2024-07-06,09:42:09,Tanzania,Dodoma - Arusha Route,Theft Attempt,High,Theft Attempt occurred during transit,0,1110.19,2.0,Yes,1001.62,Resolved,2024-07-17,No
INC-0379,TRP-0145,AST-022,DRV-140,2024-12-04,05:28:45,Rwanda,Ruhengeri - Ruhengeri Route,Traffic Accident,Medium,Traffic Accident occurred during transit,0,817.29,11.5,Yes,749.28,Resolved,2024-12-05,No
INC-0380,TRP-2248,AST-086,DRV-122,2025-02-07,07:05:53,Uganda,Mbarara - Dar es Salaam Route,Mechanical Failure,Medium,Mechanical Failure occurred during transit,0,1090.36,6.5,Yes,961.0,Resolved,2025-02-21,No
INC-0381,TRP-0766,AST-014,DRV-099,2024-05-23,03:43:42,Uganda,Gondar - Mbarara Route,Mechanical Failure,Medium,Mechanical Failure occurred during transit,0,1175.56,4.9,Yes,1091.99,Resolved,2024-06-04,No
INC-0382,TRP-0586,AST-051,DRV-098,2024-03-26,21:45:15,Kenya,Eldoret - Nairobi Route,Mechanical Failure,Low,Mechanical Failure occurred during transit,0,693.95,11.0,Yes,656.28,Resolved,2024-04-04,Yes
INC-0383,TRP-2235,AST-010,DRV-030,2024-01-21,02:49:13,Tanzania,Mwanza - Mbeya Route,Theft Attempt,Medium,Theft Attempt occurred during transit,0,500.88,1.4,Yes,443.02,Resolved,2024-01-26,No
INC-0384,TRP-0491,AST-107,DRV-004,2024-04-25,14:33:10,Kenya,Mombasa - Nakuru Route,Cargo Damage,Medium,Cargo Damage occurred during transit,0,1532.27,0.0,Yes,1387.37,Resolved,2024-04-30,No
INC-0385,TRP-2317,AST-060,DRV-140,2025-02-20,20:39:21,Kenya,Butare - Mombasa Route,Traffic Accident,Low,Traffic Accident occurred during transit,0,449.68,17.0,Yes,417.29,Resolved,2025-02-27,No
INC-0386,TRP-1098,AST-017,DRV-089,2024-08-29,03:57:12,Kenya,Mombasa - Gisenyi Route,Traffic Accident,High,Traffic Accident occurred during transit,0,1692.91,10.7,Yes,1579.0,Resolved,2024-09-02,No
INC-0387,TRP-0230,AST-066,DRV-021,2024-02-21,17:29:59,Tanzania,Dar es Salaam - Arusha Route,Cargo Damage,Low,Cargo Damage occurred during transit,0,885.11,0.0,Yes,784.43,Resolved,2024-02-27,No
INC-0388,TRP-2661,AST-045,DRV-099,2024-12-03,21:18:32,Ethiopia,Dire Dawa - Addis Ababa Route,Documentation Issue,Low,Documentation Issue occurred during transit,0,0.0,2.0,No,0,Resolved,2024-12-04,Yes
INC-0389,TRP-0832,AST-015,DRV-116,2024-08-30,00:28:26,Uganda,Jinja - Jinja Route,Tire Blowout,Low,Tire Blowout occurred during transit,0,212.23,1.6,No,0,Resolved,2024-09-09,Yes
INC-0390,TRP-1053,AST-071,DRV-125,2024-04-29,11:06:50,Rwanda,Kigali - Eldoret Route,Documentation Issue,Low,Documentation Issue occurred during transit,0,0.0,4.4,No,0,Resolved,2024-05-10,No
INC-0391,TRP-2330,AST-040,DRV-070,2024-08-16,19:24:37,Kenya,Nakuru - Dar es Salaam Route,Theft Attempt,High,Theft Attempt occurred during transit,0,805.6,2.8,Yes,700.03,Resolved,2024-08-22,No
INC-0392,TRP-1967,AST-090,DRV-027,2025-01-31,01:34:40,Rwanda,Gisenyi - Mwanza Route,Documentation Issue,Low,Documentation Issue occurred during transit,0,0.0,5.6,No,0,Resolved,2025-02-11,No
INC-0393,TRP-1874,AST-041,DRV-044,2024-05-21,10:34:38,Kenya,Kisumu - Nairobi Route,Tire Blowout,Low,Tire Blowout occurred during transit,0,157.86,3.0,No,0,Resolved,2024-05-22,Yes
INC-0394,TRP-1470,AST-007,DRV-053,2024-10-05,09:59:34,Tanzania,Mwanza - Jinja Route,Mechanical Failure,Medium,Mechanical Failure occurred during transit,0,987.52,5.3,Yes,863.08,Resolved,2024-10-09,Yes
INC-0395,TRP-2589,AST-018,DRV-029,2024-08-11,19:59:28,Tanzania,Mombasa - Arusha Route,Documentation Issue,Low,Documentation Issue occurred during transit,0,0.0,4.5,No,0,Resolved,2024-08-14,Yes
INC-0396,TRP-2890,AST-026,DRV-040,2024-01-18,12:30:24,Tanzania,Mwanza - Dodoma Route,Mechanical Failure,Medium,Mechanical Failure occurred during transit,0,912.3,8.8,Yes,812.92,Resolved,2024-01-26,No
INC-0397,TRP-1016,AST-014,DRV-099,2024-05-30,20:18:17,Kenya,Addis Ababa - Nakuru Route,Documentation Issue,Low,Documentation Issue occurred during transit,0,0.0,3.4,No,0,Resolved,2024-06-01,Yes
INC-0398,TRP-0865,AST-082,DRV-047,2024-12-31,21:50:00,Kenya,Nairobi - Mombasa Route,Cargo Damage,Low,Cargo Damage occurred during transit,0,659.51,0.0,Yes,582.74,Resolved,2025-01-05,Yes
INC-0399,TRP-1573,AST-119,DRV-022,2024-02-28,03:52:28,Ethiopia,Gondar - Mekele Route,Theft Attempt,High,Theft Attempt occurred during transit,0,974.6,1.1,Yes,870.51,Resolved,2024-03-09,No
INC-0400,TRP-1814,AST-072,DRV-039,2025-01-13,13:11:18,Rwanda,Nakuru - Cyangugu Route,Traffic Accident,Low,Traffic Accident occurred during transit,0,292.42,8.4,No,0,Resolved,2025-01-20,No
INC-0401,TRP-2223,AST-095,DRV-005,2024-10-17,17:09:49,Rwanda,Ruhengeri - Ruhengeri Route,Cargo Damage,Medium,Cargo Damage occurred during transit,0,1148.98,0.0,Yes,1058.26,Resolved,2024-10-23,Yes
INC-0402,TRP-0949,AST-070,DRV-047,2024-04-29,06:57:50,Kenya,Mombasa - Kampala Route,Driver Illness,Medium,Driver Illness occurred during transit,0,152.04,17.6,No,0,Resolved,2024-05-11,No
INC-0403,TRP-1463,AST-089,DRV-007,2024-11-15,02:08:02,Uganda,Mombasa - Entebbe Route,Documentation Issue,Low,Documentation Issue occurred during transit,0,0.0,4.2,No,0,Resolved,2024-11-26,No
INC-0404,TRP-2106,AST-037,DRV-101,2024-03-13,22:27:22,Kenya,Nakuru - Kisumu Route,Driver Illness,Low,Driver Illness occurred during transit,0,100.86,28.2,No,0,Resolved,2024-03-15,Yes
INC-0405,TRP-2257,AST-041,DRV-044,2024-10-17,02:06:48,Kenya,Mombasa - Nairobi Route,Tire Blowout,Low,Tire Blowout occurred during transit,0,256.45,4.1,No,0,Resolved,2024-10-25,No
INC-0406,TRP-1156,AST-076,DRV-041,2024-09-02,03:03:17,Kenya,Eldoret - Nairobi Route,Cargo Damage,Medium,Cargo Damage occurred during transit,0,1157.17,0.0,Yes,1045.18,Resolved,2024-09-08,Yes
INC-0407,TRP-1398,AST-014,DRV-099,2024-04-18,23:52:30,Ethiopia,Mekele - Mekele Route,Traffic Accident,Medium,Traffic Accident occurred during transit,1,816.43,10.9,Yes,701.84,Resolved,2024-05-02,No
INC-0408,TRP-1122,AST-028,DRV-092,2024-05-16,16:27:11,Rwanda,Kisumu - Butare Route,Theft Attempt,Medium,Theft Attempt occurred during transit,0,419.42,2.9,Yes,357.94,Pending,2024-05-19,No
INC-0409,TRP-2381,AST-017,DRV-089,2024-07-15,14:55:22,Kenya,Eldoret - Nairobi Route,Theft Attempt,High,Theft Attempt occurred during transit,2,925.08,1.3,Yes,790.32,Resolved,2024-07-23,No
INC-0410,TRP-0133,AST-060,DRV-140,2024-11-15,20:31:00,Rwanda,Butare - Kigali Route,Mechanical Failure,High,Mechanical Failure occurred during transit,1,2886.37,9.9,Yes,2610.24,Resolved,2024-11-27,Yes
INC-0411,TRP-2229,AST-045,DRV-099,2024-10-09,14:18:04,Ethiopia,Gondar - Bahir Dar Route,Traffic Accident,High,Traffic Accident occurred during transit,0,1871.93,12.8,Yes,1603.51,Resolved,2024-10-19,No
INC-0412,TRP-1680,AST-068,DRV-118,2024-08-18,03:45:47,Uganda,Kampala - Mbarara Route,Cargo Damage,Medium,Cargo Damage occurred during transit,0,1119.74,0.0,Yes,1049.57,Resolved,2024-08-21,No
INC-0413,TRP-2000,AST-088,DRV-049,2024-08-20,16:05:51,Ethiopia,Dire Dawa - Gondar Route,Driver Illness,Low,Driver Illness occurred during transit,0,124.33,14.7,No,0,Resolved,2024-09-02,Yes
INC-0414,TRP-2151,AST-089,DRV-007,2024-02-11,00:05:19,Kenya,Nakuru - Nairobi Route,Theft Attempt,Medium,Theft Attempt occurred during transit,0,482.02,1.2,Yes,429.7,Resolved,2024-02-17,No
INC-0415,TRP-0387,AST-021,DRV-077,2024-09-12,14:35:31,Rwanda,Ruhengeri - Kigali Route,Documentation Issue,Low,Documentation Issue occurred during transit,0,0.0,4.4,No,0,Resolved,2024-09-17,Yes
INC-0416,TRP-2857,AST-003,DRV-105,2025-02-23,11:21:49,Kenya,Kisumu - Mombasa Route,Mechanical Failure,High,Mechanical Failure occurred during transit,0,2169.91,10.1,Yes,1982.23,Resolved,2025-03-07,No
INC-0417,TRP-2063,AST-109,DRV-047,2024-10-30,21:12:34,Kenya,Nairobi - Gondar Route,Theft Attempt,Medium,Theft Attempt occurred during transit,0,375.47,2.5,Yes,348.29,Pending,2024-11-12,No
INC-0418,TRP-0577,AST-107,DRV-004,2024-02-04,19:00:51,Kenya,Nakuru - Eldoret Route,Theft Attempt,High,Theft Attempt occurred during transit,0,848.32,2.7,Yes,733.4,Resolved,2024-02-13,No
INC-0419,TRP-0952,AST-089,DRV-007,2025-02-09,19:51:15,Kenya,Mombasa - Eldoret Route,Mechanical Failure,Low,Mechanical Failure occurred during transit,0,513.98,4.6,Yes,478.58,Resolved,2025-02-19,Yes
INC-0420,TRP-2867,AST-100,DRV-054,2025-02-22,11:55:20,Tanzania,Arusha - Dar es Salaam Route,Traffic Accident,High,Traffic Accident occurred during transit,0,1614.51,8.0,Yes,1419.41,Resolved,2025-02-26,No
INC-0421,TRP-0406,AST-034,DRV-099,2024-09-10,05:49:43,Ethiopia,Bahir Dar - Mekele Route,Traffic Accident,Low,Traffic Accident occurred during transit,0,446.19,16.3,Yes,411.9,Resolved,2024-09-19,No
INC-0422,TRP-2508,AST-044,DRV-001,2025-02-11,11:18:39,Uganda,Mbarara - Mekele Route,Cargo Damage,Medium,Cargo Damage occurred during transit,1,1089.44,0.0,Yes,956.79,Resolved,2025-02-15,Yes
INC-0423,TRP-1669,AST-048,DRV-034,2024-11-12,23:48:59,Kenya,Kisumu - Nairobi Route,Cargo Damage,Medium,Cargo Damage occurred during transit,0,1223.06,0.0,Yes,1126.22,Pending,2024-11-15,Yes
INC-0424,TRP-2047,AST-090,DRV-027,2024-02-03,00:53:43,Rwanda,Kigali - Gisenyi Route,Documentation Issue,Low,Documentation Issue occurred during transit,0,0.0,2.1,No,0,Resolved,2024-02-15,No
INC-0425,TRP-2938,AST-118,DRV-147,2024-06-28,14:45:27,Uganda,Mbarara - Nairobi Route,Driver Illness,Medium,Driver Illness occurred during transit,2,159.28,34.4,No,0,Resolved,2024-07-08,No
INC-0426,TRP-1152,AST-041,DRV-044,2024-12-07,16:53:44,Kenya,Nakuru - Kisumu Route,Driver Illness,Low,Driver Illness occurred during transit,0,100.78,13.5,No,0,Resolved,2024-12-12,Yes
INC-0427,TRP-1852,AST-060,DRV-140,2025-01-20,02:35:58,Rwanda,Butare - Ruhengeri Route,Theft Attempt,High,Theft Attempt occurred during transit,1,872.64,2.3,Yes,768.07,Resolved,2025-01-22,No
INC-0428,TRP-1292,AST-094,DRV-138,2024-08-02,07:06:49,Tanzania,Arusha - Mbeya Route,Cargo Damage,Medium,Cargo Damage occurred during transit,0,1550.06,0.0,Yes,1467.93,Resolved,2024-08-04,No
INC-0429,TRP-2135,AST-055,DRV-077,2024-09-09,14:25:09,Rwanda,Butare - Dodoma Route,Traffic Accident,Low,Traffic Accident occurred during transit,0,351.22,13.1,Yes,326.62,Resolved,2024-09-11,No
INC-0430,TRP-1022,AST-014,DRV-099,2024-06-04,13:43:28,Ethiopia,Addis Ababa - Bahir Dar Route,Documentation Issue,Low,Documentation Issue occurred during transit,0,0.0,5.2,No,0,Resolved,2024-06-06,No
INC-0431,TRP-0998,AST-100,DRV-054,2024-02-03,16:07:23,Rwanda,Mwanza - Ruhengeri Route,Documentation Issue,Low,Documentation Issue occurred during transit,0,0.0,5.7,No,0,Resolved,2024-02-11,Yes
INC-0432,TRP-1459,AST-048,DRV-034,2024-03-23,23:20:10,Kenya,Nairobi - Eldoret Route,Documentation Issue,Low,Documentation Issue occurred during transit,0,0.0,3.4,No,0,Resolved,2024-04-05,Yes
INC-0433,TRP-1548,AST-014,DRV-099,2024-03-20,11:23:27,Ethiopia,Dire Dawa - Bahir Dar Route,Tire Blowout,Low,Tire Blowout occurred during transit,0,152.64,2.2,No,0,Resolved,2024-04-03,Yes
INC-0434,TRP-1554,AST-045,DRV-099,2024-08-28,05:54:54,Ethiopia,Dire Dawa - Dire Dawa Route,Tire Blowout,Medium,Tire Blowout occurred during transit,0,427.48,2.3,Yes,378.52,Resolved,2024-08-31,Yes
INC-0435,TRP-2743,AST-112,DRV-057,2024-06-08,13:29:56,Kenya,Dodoma - Mombasa Route,Tire Blowout,Low,Tire Blowout occurred during transit,0,152.42,3.2,No,0,Pending,2024-06-20,Yes
INC-0436,TRP-2124,AST-061,DRV-125,2024-07-06,13:34:00,Rwanda,Ruhengeri - Cyangugu Route,Theft Attempt,Medium,Theft Attempt occurred during transit,0,452.59,2.7,Yes,423.94,Resolved,2024-07-07,No
INC-0437,TRP-2113,AST-012,DRV-065,2025-01-12,23:23:42,Tanzania,Dar es Salaam - Dodoma Route,Cargo Damage,Medium,Cargo Damage occurred during transit,0,1060.11,0.0,Yes,910.39,Resolved,2025-01-17,No
INC-0438,TRP-0682,AST-024,DRV-032,2024-05-11,21:51:00,Tanzania,Mwanza - Dar es Salaam Route,Theft Attempt,High,Theft Attempt occurred during transit,1,803.8,1.6,Yes,704.45,Resolved,2024-05-21,No
INC-0439,TRP-2795,AST-021,DRV-077,2024-04-15,13:46:30,Rwanda,Gisenyi - Kigali Route,Mechanical Failure,Low,Mechanical Failure occurred during transit,0,437.05,7.2,Yes,384.12,Resolved,2024-04-21,No
INC-0440,TRP-0678,AST-022,DRV-140,2024-08-21,04:35:18,Rwanda,Kigali - Ruhengeri Route,Traffic Accident,High,Traffic Accident occurred during transit,0,1454.15,15.1,Yes,1346.1,Resolved,2024-08-27,No
INC-0441,TRP-0742,AST-010,DRV-030,2024-08-17,16:08:58,Tanzania,Mwanza - Arusha Route,Tire Blowout,Medium,Tire Blowout occurred during transit,0,333.42,2.3,Yes,298.92,Resolved,2024-08-28,No
INC-0442,TRP-1830,AST-071,DRV-125,2024-03-27,08:52:33,Rwanda,Cyangugu - Ruhengeri Route,Driver Illness,Low,Driver Illness occurred during transit,0,108.4,30.2,No,0,Resolved,2024-03-31,Yes
INC-0443,TRP-0037,AST-114,DRV-015,2024-02-04,03:16:10,Uganda,Kampala - Mbeya Route,Documentation Issue,Low,Documentation Issue occurred during transit,0,0.0,3.9,No,0,Resolved,2024-02-11,Yes
INC-0444,TRP-1635,AST-084,DRV-133,2024-09-17,06:19:03,Tanzania,Mbeya - Arusha Route,Tire Blowout,Low,Tire Blowout occurred during transit,0,180.77,3.5,No,0,Resolved,2024-09-23,Yes
INC-0445,TRP-2378,AST-107,DRV-004,2024-04-21,20:58:53,Kenya,Kisumu - Gondar Route,Driver Illness,Medium,Driver Illness occurred during transit,2,232.12,21.6,No,0,Resolved,2024-05-02,Yes
INC-0446,TRP-1934,AST-101,DRV-109,2024-08-27,05:43:53,Uganda,Addis Ababa - Mbarara Route,Documentation Issue,Low,Documentation Issue occurred during transit,0,0.0,2.4,No,0,Resolved,2024-09-08,No
INC-0447,TRP-2045,AST-104,DRV-055,2024-01-29,18:26:18,Tanzania,Mwanza - Dodoma Route,Traffic Accident,High,Traffic Accident occurred during transit,0,2079.98,16.5,Yes,1795.06,Resolved,2024-01-30,No
INC-0448,TRP-1868,AST-110,DRV-028,2025-02-11,19:23:33,Uganda,Kampala - Gisenyi Route,Traffic Accident,High,Traffic Accident occurred during transit,0,1678.78,16.1,Yes,1548.57,Resolved,2025-02-12,No
INC-0449,TRP-2803,AST-119,DRV-022,2024-01-15,16:37:48,Ethiopia,Dire Dawa - Bahir Dar Route,Traffic Accident,High,Traffic Accident occurred during transit,0,1986.57,12.7,Yes,1742.44,Resolved,2024-01-18,No
INC-0450,TRP-0968,AST-107,DRV-004,2024-09-15,12:56:46,Ethiopia,Kisumu - Gondar Route,Driver Illness,Low,Driver Illness occurred during transit,0,118.34,22.9,No,0,Resolved,2024-09-29,No
