title,price,description,features,category
Standard Plant Pot,800,High-quality standard plant pot with excellent craftsmanship.,Elegant design; Easy to clean; Long-lasting; Versatile use,Home
Budget Desk Lamp,30,Beautiful budget desk lamp that adds elegance to any room.,Easy to clean; Long-lasting; Versatile use; High quality,Home
Premium Programming Guide,15,Comprehensive premium programming guide with detailed information and expert insights.,Practical examples; Expert insights; Comprehensive coverage; Easy to read,Books
Professional Basketball,300,Professional professional basketball designed for athletes and fitness enthusiasts.,Durable construction; Breathable; Lightweight; Non-slip,Sports
Budget Dress,20,Stylish budget dress perfect for everyday wear or special occasions.,High-quality fabric; Machine washable; Easy care; Durable construction,Clothing
Premium Wireless Bluetooth Headphones,100,High-quality premium wireless bluetooth headphones with advanced features and modern design. Perfect for tech enthusiasts.,Easy to use; Fast charging; Durable construction; Long battery life,Electronics
Budget Running Shoes,120,Stylish budget running shoes perfect for everyday wear or special occasions.,Breathable material; Easy care; Durable construction; Comfortable fit,Clothing
Budget Cookbook,35,Comprehensive budget cookbook with detailed information and expert insights.,Updated content; Easy to read; Well-organized; Clear explanations,Books
Standard Plant Pot,60,Functional standard plant pot perfect for modern living spaces.,Durable materials; Long-lasting; Modern style; Versatile use,Home
Standard Fiction Novel,25,Comprehensive standard fiction novel with detailed information and expert insights.,Easy to read; Comprehensive coverage; Well-organized; Expert insights,Books
Premium Cotton T-Shirt,120,Stylish premium cotton t-shirt perfect for everyday wear or special occasions.,Comfortable fit; Durable construction; High-quality fabric; Easy care,Clothing
Budget History Book,15,Engaging budget history book perfect for readers of all levels.,Clear explanations; Comprehensive coverage; Easy to read; Updated content,Books
Budget Candle,400,Beautiful budget candle that adds elegance to any room.,High quality; Durable materials; Versatile use; Modern style,Home
Budget Running Shoes,400,Stylish budget running shoes perfect for everyday wear or special occasions.,Breathable material; Durable construction; Machine washable; Stylish design,Clothing
Budget Candle,30,Beautiful budget candle that adds elegance to any room.,Durable materials; High quality; Long-lasting; Modern style,Home
Budget Running Shoes,20,Durable budget running shoes designed for comfort and longevity.,Machine washable; Stylish design; Easy care; High-quality fabric,Clothing
Professional Perfume,15,Luxurious professional perfume with premium ingredients and elegant packaging.,Hypoallergenic; Gentle formula; Professional results; Long-lasting,Beauty
Deluxe Dress Shirt,40,Stylish deluxe dress shirt perfect for everyday wear or special occasions.,Comfortable fit; High-quality fabric; Breathable material; Machine washable,Clothing
Premium Power Bank,200,Premium premium power bank with cutting-edge technology and superior build quality.,Compact design; Fast charging; High-quality sound; Wireless connectivity,Electronics
Standard Bluetooth Speaker,200,High-quality standard bluetooth speaker with advanced features and modern design. Perfect for tech enthusiasts.,Wireless connectivity; Compact design; Long battery life; Durable construction,Electronics
Professional Gaming Mouse,1000,Premium professional gaming mouse with cutting-edge technology and superior build quality.,Compact design; Long battery life; Easy to use; Fast charging,Electronics
Professional Gaming Mouse,500,Premium professional gaming mouse with cutting-edge technology and superior build quality.,Fast charging; High-quality sound; Wireless connectivity; Long battery life,Electronics
Standard Denim Jeans,200,Comfortable standard denim jeans made from high-quality materials.,Breathable material; Machine washable; Durable construction; Easy care,Clothing
Standard Self-Help Book,25,Well-written standard self-help book with clear explanations and practical examples.,Comprehensive coverage; Well-organized; Expert insights; Easy to read,Books
Budget Webcam,1000,Professional-grade budget webcam offering excellent performance and reliability.,Fast charging; Long battery life; Compact design; Wireless connectivity,Electronics
Standard Swimming Goggles,1000,High-performance standard swimming goggles with advanced features.,Breathable; High performance; Comfortable fit; Lightweight,Sports
Professional Kitchen Knife,400,Beautiful professional kitchen knife that adds elegance to any room.,Elegant design; Versatile use; Modern style; High quality,Home
Premium Power Bank,25,Premium premium power bank with cutting-edge technology and superior build quality.,Wireless connectivity; Long battery life; Fast charging; Durable construction,Electronics
Standard Bluetooth Speaker,500,Professional-grade standard bluetooth speaker offering excellent performance and reliability.,Long battery life; Compact design; High-quality sound; Wireless connectivity,Electronics
Standard Swimming Goggles,500,Durable standard swimming goggles built to withstand intense use.,Lightweight; Breathable; Comfortable fit; Professional grade,Sports
Budget Cookbook,15,Well-written budget cookbook with clear explanations and practical examples.,Easy to read; Expert insights; Practical examples; Updated content,Books
Professional Biography,10,Comprehensive professional biography with detailed information and expert insights.,Practical examples; Easy to read; Expert insights; Updated content,Books
Premium Coffee Maker,400,Beautiful premium coffee maker that adds elegance to any room.,Durable materials; Easy to clean; Modern style; High quality,Home
Budget Webcam,25,Premium budget webcam with cutting-edge technology and superior build quality.,Wireless connectivity; High-quality sound; Compact design; Durable construction,Electronics
Premium Athletic Shorts,40,Stylish premium athletic shorts perfect for everyday wear or special occasions.,High-quality fabric; Stylish design; Easy care; Comfortable fit,Clothing
Deluxe Textbook,50,Comprehensive deluxe textbook with detailed information and expert insights.,Comprehensive coverage; Expert insights; Well-organized; Easy to read,Books
Budget Tablet Computer,50,Professional-grade budget tablet computer offering excellent performance and reliability.,Long battery life; Wireless connectivity; High-quality sound; Fast charging,Electronics
Premium Coffee Maker,250,Functional premium coffee maker perfect for modern living spaces.,Durable materials; Modern style; Easy to clean; Versatile use,Home
Premium Cotton T-Shirt,80,Comfortable premium cotton t-shirt made from high-quality materials.,Easy care; Machine washable; High-quality fabric; Comfortable fit,Clothing
Deluxe Dress Shirt,80,Comfortable deluxe dress shirt made from high-quality materials.,Comfortable fit; Stylish design; Breathable material; High-quality fabric,Clothing
Budget Tablet Computer,1000,Premium budget tablet computer with cutting-edge technology and superior build quality.,Compact design; Fast charging; Durable construction; High-quality sound,Electronics
Budget Cookbook,10,Engaging budget cookbook perfect for readers of all levels.,Expert insights; Updated content; Easy to read; Practical examples,Books
Standard Throw Pillow,800,Functional standard throw pillow perfect for modern living spaces.,Modern style; Easy to clean; Long-lasting; Durable materials,Home
Deluxe Textbook,75,Well-written deluxe textbook with clear explanations and practical examples.,Easy to read; Expert insights; Clear explanations; Practical examples,Books
Standard Bluetooth Speaker,1000,Professional-grade standard bluetooth speaker offering excellent performance and reliability.,High-quality sound; Compact design; Fast charging; Long battery life,Electronics
Budget Webcam,100,High-quality budget webcam with advanced features and modern design. Perfect for tech enthusiasts.,Long battery life; High-quality sound; Wireless connectivity; Durable construction,Electronics
Budget Desk Lamp,120,High-quality budget desk lamp with excellent craftsmanship.,Modern style; Elegant design; High quality; Easy to clean,Home
Deluxe Tennis Racket,150,Professional deluxe tennis racket designed for athletes and fitness enthusiasts.,Comfortable fit; Professional grade; Lightweight; Durable construction,Sports
Standard Bluetooth Speaker,100,High-quality standard bluetooth speaker with advanced features and modern design. Perfect for tech enthusiasts.,Easy to use; Long battery life; Compact design; Durable construction,Electronics
Standard Plant Pot,120,Functional standard plant pot perfect for modern living spaces.,Modern style; High quality; Easy to clean; Elegant design,Home
Standard Swimming Goggles,40,Durable standard swimming goggles built to withstand intense use.,Comfortable fit; Non-slip; Breathable; Lightweight,Sports
Standard Self-Help Book,10,Well-written standard self-help book with clear explanations and practical examples.,Practical examples; Comprehensive coverage; Expert insights; Easy to read,Books
Premium Programming Guide,10,Well-written premium programming guide with clear explanations and practical examples.,Well-organized; Easy to read; Expert insights; Practical examples,Books
Deluxe Textbook,25,Well-written deluxe textbook with clear explanations and practical examples.,Clear explanations; Expert insights; Well-organized; Updated content,Books
Budget Fitness Tracker,40,High-performance budget fitness tracker with advanced features.,Non-slip; Lightweight; Durable construction; High performance,Sports
Professional Winter Jacket,200,Comfortable professional winter jacket made from high-quality materials.,Machine washable; Easy care; Breathable material; Stylish design,Clothing
Budget Tablet Computer,25,High-quality budget tablet computer with advanced features and modern design. Perfect for tech enthusiasts.,Easy to use; Long battery life; High-quality sound; Fast charging,Electronics
Deluxe USB-C Cable,25,Premium deluxe usb-c cable with cutting-edge technology and superior build quality.,Compact design; Long battery life; Wireless connectivity; Fast charging,Electronics
Professional Gaming Mouse,50,High-quality professional gaming mouse with advanced features and modern design. Perfect for tech enthusiasts.,Fast charging; Compact design; Long battery life; Wireless connectivity,Electronics
Premium Yoga Mat,1000,Durable premium yoga mat built to withstand intense use.,Breathable; High performance; Professional grade; Comfortable fit,Sports
Deluxe Dress Shirt,200,Comfortable deluxe dress shirt made from high-quality materials.,Comfortable fit; Stylish design; Machine washable; Breathable material,Clothing
Premium Wall Clock,250,High-quality premium wall clock with excellent craftsmanship.,High quality; Elegant design; Modern style; Versatile use,Home
Standard Swimming Goggles,150,Professional standard swimming goggles designed for athletes and fitness enthusiasts.,Breathable; High performance; Comfortable fit; Durable construction,Sports
Deluxe Textbook,10,Engaging deluxe textbook perfect for readers of all levels.,Easy to read; Expert insights; Clear explanations; Well-organized,Books
Standard Smart Watch,25,High-quality standard smart watch with advanced features and modern design. Perfect for tech enthusiasts.,High-quality sound; Durable construction; Fast charging; Compact design,Electronics
Professional Biography,25,Well-written professional biography with clear explanations and practical examples.,Comprehensive coverage; Well-organized; Expert insights; Easy to read,Books
Standard Smart Watch,50,Professional-grade standard smart watch offering excellent performance and reliability.,Fast charging; Compact design; Wireless connectivity; High-quality sound,Electronics
Premium Mystery Thriller,15,Comprehensive premium mystery thriller with detailed information and expert insights.,Clear explanations; Updated content; Comprehensive coverage; Well-organized,Books
Professional Winter Jacket,20,Stylish professional winter jacket perfect for everyday wear or special occasions.,Stylish design; Easy care; High-quality fabric; Machine washable,Clothing
Premium Golf Clubs,300,Durable premium golf clubs built to withstand intense use.,Comfortable fit; Non-slip; Lightweight; Breathable,Sports
Budget Fitness Tracker,80,Durable budget fitness tracker built to withstand intense use.,Comfortable fit; Breathable; Professional grade; Non-slip,Sports
Budget Fitness Tracker,1000,Durable budget fitness tracker built to withstand intense use.,Professional grade; Breathable; Durable construction; Non-slip,Sports
Professional Winter Jacket,120,Durable professional winter jacket designed for comfort and longevity.,Durable construction; High-quality fabric; Breathable material; Comfortable fit,Clothing
Deluxe Tennis Racket,500,Durable deluxe tennis racket built to withstand intense use.,Non-slip; Comfortable fit; Durable construction; Lightweight,Sports
Standard Plant Pot,400,High-quality standard plant pot with excellent craftsmanship.,Elegant design; High quality; Durable materials; Modern style,Home
Budget Tablet Computer,500,High-quality budget tablet computer with advanced features and modern design. Perfect for tech enthusiasts.,Durable construction; Long battery life; Compact design; Easy to use,Electronics
Premium Wireless Bluetooth Headphones,500,High-quality premium wireless bluetooth headphones with advanced features and modern design. Perfect for tech enthusiasts.,Durable construction; High-quality sound; Wireless connectivity; Long battery life,Electronics
Premium Wall Clock,60,High-quality premium wall clock with excellent craftsmanship.,Elegant design; Versatile use; Long-lasting; Easy to clean,Home
Premium Programming Guide,75,Comprehensive premium programming guide with detailed information and expert insights.,Expert insights; Updated content; Well-organized; Comprehensive coverage,Books
Standard Swimming Goggles,300,Professional standard swimming goggles designed for athletes and fitness enthusiasts.,Professional grade; Comfortable fit; Breathable; Durable construction,Sports
Professional Basketball,1000,Durable professional basketball built to withstand intense use.,Professional grade; Non-slip; Lightweight; Durable construction,Sports
Professional Basketball,150,Professional professional basketball designed for athletes and fitness enthusiasts.,Comfortable fit; Lightweight; Durable construction; Professional grade,Sports
Premium Programming Guide,50,Engaging premium programming guide perfect for readers of all levels.,Easy to read; Updated content; Practical examples; Well-organized,Books
Standard Smart Watch,100,Premium standard smart watch with cutting-edge technology and superior build quality.,Compact design; Durable construction; Long battery life; Fast charging,Electronics
Professional Gaming Mouse,100,High-quality professional gaming mouse with advanced features and modern design. Perfect for tech enthusiasts.,Durable construction; Fast charging; High-quality sound; Wireless connectivity,Electronics
Budget Cookbook,25,Well-written budget cookbook with clear explanations and practical examples.,Clear explanations; Expert insights; Comprehensive coverage; Easy to read,Books
Standard Smart Watch,200,Premium standard smart watch with cutting-edge technology and superior build quality.,Durable construction; Long battery life; Wireless connectivity; High-quality sound,Electronics
Professional Kitchen Knife,800,High-quality professional kitchen knife with excellent craftsmanship.,High quality; Long-lasting; Durable materials; Modern style,Home
Premium Wireless Bluetooth Headphones,1000,Premium premium wireless bluetooth headphones with cutting-edge technology and superior build quality.,High-quality sound; Compact design; Easy to use; Long battery life,Electronics
Standard Self-Help Book,35,Well-written standard self-help book with clear explanations and practical examples.,Comprehensive coverage; Practical examples; Expert insights; Updated content,Books
Standard Plant Pot,250,High-quality standard plant pot with excellent craftsmanship.,Durable materials; Long-lasting; Elegant design; High quality,Home
Professional Kitchen Knife,250,High-quality professional kitchen knife with excellent craftsmanship.,Versatile use; Elegant design; Durable materials; Long-lasting,Home
Budget Desk Lamp,400,Functional budget desk lamp perfect for modern living spaces.,Versatile use; Easy to clean; Elegant design; Modern style,Home
Budget Cookbook,75,Comprehensive budget cookbook with detailed information and expert insights.,Comprehensive coverage; Expert insights; Clear explanations; Well-organized,Books
Standard Fiction Novel,50,Engaging standard fiction novel perfect for readers of all levels.,Comprehensive coverage; Expert insights; Easy to read; Practical examples,Books
Deluxe USB-C Cable,500,Professional-grade deluxe usb-c cable offering excellent performance and reliability.,High-quality sound; Long battery life; Compact design; Wireless connectivity,Electronics
Budget Tablet Computer,100,Premium budget tablet computer with cutting-edge technology and superior build quality.,Easy to use; Fast charging; Long battery life; Durable construction,Electronics
Premium Yoga Mat,150,High-performance premium yoga mat with advanced features.,Breathable; Non-slip; Lightweight; High performance,Sports
Budget Desk Lamp,250,High-quality budget desk lamp with excellent craftsmanship.,High quality; Long-lasting; Elegant design; Easy to clean,Home
Deluxe Bath Towel,60,Beautiful deluxe bath towel that adds elegance to any room.,Versatile use; Modern style; Easy to clean; Durable materials,Home
Premium Cotton T-Shirt,200,Comfortable premium cotton t-shirt made from high-quality materials.,Stylish design; Easy care; Machine washable; High-quality fabric,Clothing
Premium Athletic Shorts,80,Comfortable premium athletic shorts made from high-quality materials.,High-quality fabric; Stylish design; Easy care; Comfortable fit,Clothing
Standard Fiction Novel,10,Comprehensive standard fiction novel with detailed information and expert insights.,Updated content; Easy to read; Comprehensive coverage; Well-organized,Books
Standard Denim Jeans,40,Comfortable standard denim jeans made from high-quality materials.,Stylish design; Machine washable; High-quality fabric; Easy care,Clothing
Budget Running Shoes,500,Professional budget running shoes designed for athletes and fitness enthusiasts.,Breathable; High performance; Durable construction; Professional grade,Sports
Budget Tablet Computer,200,High-quality budget tablet computer with advanced features and modern design. Perfect for tech enthusiasts.,Long battery life; Easy to use; High-quality sound; Compact design,Electronics
Standard Lipstick,15,High-quality standard lipstick with proven results.,Easy to apply; Hypoallergenic; Luxurious feel; Premium ingredients,Beauty
Professional Kitchen Knife,120,Functional professional kitchen knife perfect for modern living spaces.,Elegant design; Modern style; Easy to clean; Versatile use,Home
Professional Basketball,80,High-performance professional basketball with advanced features.,Lightweight; Comfortable fit; Non-slip; Professional grade,Sports
Budget Dress,120,Comfortable budget dress made from high-quality materials.,Easy care; Stylish design; Breathable material; Comfortable fit,Clothing
Premium Face Moisturizer,30,Luxurious premium face moisturizer with premium ingredients and elegant packaging.,Long-lasting; Hypoallergenic; Gentle formula; Luxurious feel,Beauty
Professional Gaming Mouse,200,High-quality professional gaming mouse with advanced features and modern design. Perfect for tech enthusiasts.,Wireless connectivity; Easy to use; High-quality sound; Compact design,Electronics
Deluxe Bath Towel,800,Beautiful deluxe bath towel that adds elegance to any room.,Easy to clean; Elegant design; Modern style; Versatile use,Home
Deluxe Textbook,15,Engaging deluxe textbook perfect for readers of all levels.,Comprehensive coverage; Easy to read; Clear explanations; Updated content,Books
Budget Webcam,500,Professional-grade budget webcam offering excellent performance and reliability.,Easy to use; Wireless connectivity; Compact design; High-quality sound,Electronics
Premium Golf Clubs,150,Durable premium golf clubs built to withstand intense use.,Non-slip; Comfortable fit; Professional grade; Lightweight,Sports
Budget Webcam,200,High-quality budget webcam with advanced features and modern design. Perfect for tech enthusiasts.,Durable construction; Wireless connectivity; Easy to use; High-quality sound,Electronics
Budget Running Shoes,80,High-performance budget running shoes with advanced features.,Comfortable fit; Durable construction; High performance; Breathable,Sports
Premium Nail Polish,30,High-quality premium nail polish with proven results.,Gentle formula; Professional results; Premium ingredients; Easy to apply,Beauty
Premium Golf Clubs,80,High-performance premium golf clubs with advanced features.,Durable construction; Comfortable fit; Professional grade; Non-slip,Sports
Premium Coffee Maker,60,High-quality premium coffee maker with excellent craftsmanship.,Versatile use; Durable materials; Elegant design; Modern style,Home
Budget Shampoo,15,Professional budget shampoo perfect for beauty routines.,Professional results; Gentle formula; Long-lasting; Luxurious feel,Beauty
Premium Programming Guide,35,Well-written premium programming guide with clear explanations and practical examples.,Clear explanations; Practical examples; Easy to read; Expert insights,Books
Premium Power Bank,50,High-quality premium power bank with advanced features and modern design. Perfect for tech enthusiasts.,Long battery life; Durable construction; Fast charging; Easy to use,Electronics
Budget Running Shoes,80,Durable budget running shoes designed for comfort and longevity.,High-quality fabric; Easy care; Breathable material; Machine washable,Clothing
Standard Hoodie,40,Stylish standard hoodie perfect for everyday wear or special occasions.,Breathable material; Easy care; Durable construction; Stylish design,Clothing
Budget Running Shoes,40,Professional budget running shoes designed for athletes and fitness enthusiasts.,Comfortable fit; Durable construction; Breathable; Non-slip,Sports
Deluxe USB-C Cable,50,High-quality deluxe usb-c cable with advanced features and modern design. Perfect for tech enthusiasts.,Fast charging; Long battery life; High-quality sound; Durable construction,Electronics
Premium Golf Clubs,1000,Durable premium golf clubs built to withstand intense use.,High performance; Professional grade; Breathable; Non-slip,Sports
Standard Dumbbells,40,Durable standard dumbbells built to withstand intense use.,Professional grade; High performance; Lightweight; Durable construction,Sports
Premium Coffee Maker,30,Functional premium coffee maker perfect for modern living spaces.,Modern style; Elegant design; High quality; Durable materials,Home
Standard Self-Help Book,15,Comprehensive standard self-help book with detailed information and expert insights.,Updated content; Clear explanations; Easy to read; Practical examples,Books
Standard Smart Watch,500,Premium standard smart watch with cutting-edge technology and superior build quality.,Wireless connectivity; High-quality sound; Long battery life; Fast charging,Electronics
Professional Kitchen Knife,60,High-quality professional kitchen knife with excellent craftsmanship.,Modern style; Long-lasting; Elegant design; High quality,Home
Premium Wall Clock,30,Functional premium wall clock perfect for modern living spaces.,Easy to clean; High quality; Versatile use; Long-lasting,Home
Standard Dumbbells,80,Professional standard dumbbells designed for athletes and fitness enthusiasts.,High performance; Comfortable fit; Durable construction; Breathable,Sports
Professional Biography,50,Well-written professional biography with clear explanations and practical examples.,Expert insights; Updated content; Clear explanations; Easy to read,Books
Deluxe USB-C Cable,1000,High-quality deluxe usb-c cable with advanced features and modern design. Perfect for tech enthusiasts.,Fast charging; Long battery life; High-quality sound; Durable construction,Electronics
Budget Running Shoes,300,High-performance budget running shoes with advanced features.,Breathable; Professional grade; High performance; Lightweight,Sports
Professional Perfume,30,High-quality professional perfume with proven results.,Gentle formula; Hypoallergenic; Premium ingredients; Long-lasting,Beauty
Budget Candle,60,Beautiful budget candle that adds elegance to any room.,High quality; Elegant design; Versatile use; Long-lasting,Home
Premium Yoga Mat,80,Durable premium yoga mat built to withstand intense use.,Durable construction; Comfortable fit; Non-slip; High performance,Sports
Budget Desk Lamp,800,Beautiful budget desk lamp that adds elegance to any room.,Elegant design; Long-lasting; Easy to clean; Modern style,Home
Professional Winter Jacket,400,Comfortable professional winter jacket made from high-quality materials.,Machine washable; Easy care; Breathable material; Durable construction,Clothing
Budget History Book,10,Well-written budget history book with clear explanations and practical examples.,Well-organized; Comprehensive coverage; Updated content; Practical examples,Books
Standard Swimming Goggles,80,Professional standard swimming goggles designed for athletes and fitness enthusiasts.,Lightweight; Non-slip; Durable construction; Breathable,Sports
Premium Wireless Bluetooth Headphones,200,Premium premium wireless bluetooth headphones with cutting-edge technology and superior build quality.,Long battery life; High-quality sound; Durable construction; Fast charging,Electronics
Premium Mystery Thriller,50,Comprehensive premium mystery thriller with detailed information and expert insights.,Easy to read; Expert insights; Updated content; Well-organized,Books
Standard Throw Pillow,400,Functional standard throw pillow perfect for modern living spaces.,Versatile use; Durable materials; Modern style; Easy to clean,Home
Premium Wall Clock,800,High-quality premium wall clock with excellent craftsmanship.,Elegant design; High quality; Easy to clean; Durable materials,Home
Deluxe USB-C Cable,200,Professional-grade deluxe usb-c cable offering excellent performance and reliability.,High-quality sound; Durable construction; Compact design; Long battery life,Electronics
Premium Athletic Shorts,20,Durable premium athletic shorts designed for comfort and longevity.,High-quality fabric; Comfortable fit; Stylish design; Breathable material,Clothing
Standard Hoodie,400,Durable standard hoodie designed for comfort and longevity.,High-quality fabric; Machine washable; Easy care; Stylish design,Clothing
Standard Bluetooth Speaker,50,Professional-grade standard bluetooth speaker offering excellent performance and reliability.,Compact design; Long battery life; Fast charging; Durable construction,Electronics
Standard Throw Pillow,30,High-quality standard throw pillow with excellent craftsmanship.,Versatile use; Easy to clean; Long-lasting; Durable materials,Home
Standard Lipstick,30,Luxurious standard lipstick with premium ingredients and elegant packaging.,Premium ingredients; Easy to apply; Gentle formula; Long-lasting,Beauty
Budget Running Shoes,150,High-performance budget running shoes with advanced features.,Non-slip; Breathable; Comfortable fit; Professional grade,Sports
Standard Hoodie,80,Durable standard hoodie designed for comfort and longevity.,High-quality fabric; Breathable material; Stylish design; Comfortable fit,Clothing
Premium Coffee Maker,120,High-quality premium coffee maker with excellent craftsmanship.,Long-lasting; High quality; Elegant design; Modern style,Home
Premium Programming Guide,25,Comprehensive premium programming guide with detailed information and expert insights.,Updated content; Well-organized; Expert insights; Clear explanations,Books
Standard Bluetooth Speaker,25,High-quality standard bluetooth speaker with advanced features and modern design. Perfect for tech enthusiasts.,Long battery life; Wireless connectivity; Fast charging; Compact design,Electronics
Premium Power Bank,500,Premium premium power bank with cutting-edge technology and superior build quality.,Easy to use; Long battery life; Durable construction; Compact design,Electronics
Budget Shampoo,30,Professional budget shampoo perfect for beauty routines.,Gentle formula; Easy to apply; Long-lasting; Hypoallergenic,Beauty
Deluxe Tennis Racket,300,Professional deluxe tennis racket designed for athletes and fitness enthusiasts.,Breathable; Comfortable fit; Lightweight; High performance,Sports
Professional Winter Jacket,40,Durable professional winter jacket designed for comfort and longevity.,Stylish design; Durable construction; Comfortable fit; Easy care,Clothing
Budget Running Shoes,200,Durable budget running shoes designed for comfort and longevity.,Breathable material; Machine washable; Comfortable fit; Stylish design,Clothing
Standard Fiction Novel,35,Well-written standard fiction novel with clear explanations and practical examples.,Well-organized; Updated content; Easy to read; Practical examples,Books
Premium Wall Clock,120,Functional premium wall clock perfect for modern living spaces.,Modern style; Durable materials; Versatile use; Easy to clean,Home
Premium Athletic Shorts,400,Durable premium athletic shorts designed for comfort and longevity.,High-quality fabric; Stylish design; Durable construction; Breathable material,Clothing
Budget Candle,800,Functional budget candle perfect for modern living spaces.,Versatile use; Long-lasting; Durable materials; Easy to clean,Home
Standard Fiction Novel,15,Well-written standard fiction novel with clear explanations and practical examples.,Practical examples; Comprehensive coverage; Easy to read; Expert insights,Books
Professional Basketball,40,Durable professional basketball built to withstand intense use.,Professional grade; Non-slip; Comfortable fit; Lightweight,Sports
Professional Winter Jacket,80,Stylish professional winter jacket perfect for everyday wear or special occasions.,Easy care; Machine washable; Durable construction; Comfortable fit,Clothing
Standard Denim Jeans,20,Durable standard denim jeans designed for comfort and longevity.,Breathable material; Stylish design; Comfortable fit; Durable construction,Clothing
Standard Hoodie,20,Comfortable standard hoodie made from high-quality materials.,Durable construction; High-quality fabric; Breathable material; Easy care,Clothing
Deluxe Dress Shirt,20,Stylish deluxe dress shirt perfect for everyday wear or special occasions.,Easy care; Stylish design; Comfortable fit; Machine washable,Clothing
Budget Cookbook,50,Engaging budget cookbook perfect for readers of all levels.,Clear explanations; Expert insights; Easy to read; Well-organized,Books
Standard Hoodie,120,Stylish standard hoodie perfect for everyday wear or special occasions.,Durable construction; Easy care; High-quality fabric; Comfortable fit,Clothing
Professional Kitchen Knife,30,High-quality professional kitchen knife with excellent craftsmanship.,Long-lasting; Durable materials; Modern style; Elegant design,Home
Premium Golf Clubs,500,Durable premium golf clubs built to withstand intense use.,Lightweight; Professional grade; High performance; Durable construction,Sports
Standard Denim Jeans,400,Stylish standard denim jeans perfect for everyday wear or special occasions.,Easy care; Breathable material; Machine washable; Comfortable fit,Clothing
Deluxe Bath Towel,250,High-quality deluxe bath towel with excellent craftsmanship.,Elegant design; Modern style; Long-lasting; Versatile use,Home
Premium Mystery Thriller,75,Well-written premium mystery thriller with clear explanations and practical examples.,Updated content; Clear explanations; Well-organized; Easy to read,Books
Premium Golf Clubs,40,Professional premium golf clubs designed for athletes and fitness enthusiasts.,Comfortable fit; Breathable; High performance; Professional grade,Sports
Premium Cotton T-Shirt,40,Durable premium cotton t-shirt designed for comfort and longevity.,Comfortable fit; Machine washable; Stylish design; Durable construction,Clothing
Deluxe Tennis Racket,40,Professional deluxe tennis racket designed for athletes and fitness enthusiasts.,Breathable; Durable construction; Comfortable fit; Professional grade,Sports
Budget Candle,250,Functional budget candle perfect for modern living spaces.,Long-lasting; High quality; Elegant design; Modern style,Home
Deluxe Tennis Racket,80,High-performance deluxe tennis racket with advanced features.,Non-slip; Durable construction; Lightweight; Comfortable fit,Sports
Premium Wireless Bluetooth Headphones,25,Professional-grade premium wireless bluetooth headphones offering excellent performance and reliability.,Durable construction; Easy to use; Long battery life; Compact design,Electronics
Standard Denim Jeans,120,Comfortable standard denim jeans made from high-quality materials.,Easy care; Breathable material; Machine washable; Comfortable fit,Clothing
Budget Fitness Tracker,500,Durable budget fitness tracker built to withstand intense use.,Durable construction; Non-slip; Professional grade; Lightweight,Sports
Standard Denim Jeans,80,Comfortable standard denim jeans made from high-quality materials.,Machine washable; Comfortable fit; Stylish design; High-quality fabric,Clothing
Budget History Book,75,Comprehensive budget history book with detailed information and expert insights.,Updated content; Comprehensive coverage; Easy to read; Expert insights,Books
Budget Desk Lamp,60,Functional budget desk lamp perfect for modern living spaces.,Versatile use; Easy to clean; Modern style; Elegant design,Home
Budget Fitness Tracker,300,Durable budget fitness tracker built to withstand intense use.,Lightweight; Breathable; Comfortable fit; High performance,Sports
Standard Self-Help Book,75,Comprehensive standard self-help book with detailed information and expert insights.,Practical examples; Well-organized; Comprehensive coverage; Clear explanations,Books
Budget Running Shoes,1000,Professional budget running shoes designed for athletes and fitness enthusiasts.,Lightweight; Breathable; Non-slip; High performance,Sports
Professional Basketball,500,Professional professional basketball designed for athletes and fitness enthusiasts.,Comfortable fit; Professional grade; Non-slip; Durable construction,Sports
Premium Nail Polish,15,Professional premium nail polish perfect for beauty routines.,Premium ingredients; Professional results; Long-lasting; Gentle formula,Beauty
Professional Gaming Mouse,25,Premium professional gaming mouse with cutting-edge technology and superior build quality.,Easy to use; Durable construction; Fast charging; Compact design,Electronics
Premium Wireless Bluetooth Headphones,50,Premium premium wireless bluetooth headphones with cutting-edge technology and superior build quality.,High-quality sound; Durable construction; Compact design; Fast charging,Electronics
Premium Power Bank,1000,High-quality premium power bank with advanced features and modern design. Perfect for tech enthusiasts.,Fast charging; Easy to use; High-quality sound; Compact design,Electronics
Professional Biography,75,Well-written professional biography with clear explanations and practical examples.,Clear explanations; Updated content; Well-organized; Comprehensive coverage,Books
Budget History Book,35,Engaging budget history book perfect for readers of all levels.,Clear explanations; Updated content; Well-organized; Comprehensive coverage,Books
Standard Dumbbells,150,High-performance standard dumbbells with advanced features.,Professional grade; Non-slip; Lightweight; Comfortable fit,Sports
Deluxe Bath Towel,120,Beautiful deluxe bath towel that adds elegance to any room.,Easy to clean; Versatile use; Durable materials; Modern style,Home
Premium Yoga Mat,40,Durable premium yoga mat built to withstand intense use.,Comfortable fit; High performance; Durable construction; Non-slip,Sports
Standard Plant Pot,30,Functional standard plant pot perfect for modern living spaces.,Long-lasting; Modern style; Versatile use; Easy to clean,Home
Deluxe Tennis Racket,1000,Professional deluxe tennis racket designed for athletes and fitness enthusiasts.,Comfortable fit; High performance; Non-slip; Professional grade,Sports
Deluxe Bath Towel,30,Functional deluxe bath towel perfect for modern living spaces.,High quality; Long-lasting; Easy to clean; Elegant design,Home
Deluxe Dress Shirt,400,Durable deluxe dress shirt designed for comfort and longevity.,Stylish design; Breathable material; High-quality fabric; Comfortable fit,Clothing
Premium Yoga Mat,300,Durable premium yoga mat built to withstand intense use.,Professional grade; Lightweight; Durable construction; Non-slip,Sports
Premium Athletic Shorts,200,Durable premium athletic shorts designed for comfort and longevity.,Durable construction; Breathable material; Easy care; High-quality fabric,Clothing
Premium Cotton T-Shirt,20,Stylish premium cotton t-shirt perfect for everyday wear or special occasions.,Machine washable; Breathable material; High-quality fabric; Durable construction,Clothing
Standard Face Mask,15,High-quality standard face mask with proven results.,Long-lasting; Easy to apply; Luxurious feel; Professional results,Beauty
Standard Hoodie,200,Durable standard hoodie designed for comfort and longevity.,Easy care; Machine washable; High-quality fabric; Comfortable fit,Clothing
Standard Dumbbells,300,Professional standard dumbbells designed for athletes and fitness enthusiasts.,High performance; Professional grade; Comfortable fit; Non-slip,Sports
Deluxe Sunscreen,15,Professional deluxe sunscreen perfect for beauty routines.,Long-lasting; Luxurious feel; Easy to apply; Hypoallergenic,Beauty
Standard Dumbbells,1000,Professional standard dumbbells designed for athletes and fitness enthusiasts.,Non-slip; High performance; Comfortable fit; Professional grade,Sports
Deluxe Textbook,35,Comprehensive deluxe textbook with detailed information and expert insights.,Comprehensive coverage; Easy to read; Well-organized; Clear explanations,Books
Deluxe USB-C Cable,100,Professional-grade deluxe usb-c cable offering excellent performance and reliability.,Compact design; Long battery life; Durable construction; Wireless connectivity,Electronics
Standard Throw Pillow,120,High-quality standard throw pillow with excellent craftsmanship.,Durable materials; Easy to clean; Versatile use; Long-lasting,Home
Premium Mystery Thriller,25,Engaging premium mystery thriller perfect for readers of all levels.,Comprehensive coverage; Clear explanations; Well-organized; Updated content,Books
Premium Athletic Shorts,120,Stylish premium athletic shorts perfect for everyday wear or special occasions.,Comfortable fit; Breathable material; Easy care; Durable construction,Clothing
Budget Dress,200,Comfortable budget dress made from high-quality materials.,Durable construction; Breathable material; Comfortable fit; High-quality fabric,Clothing
Budget History Book,25,Engaging budget history book perfect for readers of all levels.,Expert insights; Clear explanations; Practical examples; Easy to read,Books
Standard Throw Pillow,60,Functional standard throw pillow perfect for modern living spaces.,Versatile use; Easy to clean; Long-lasting; Durable materials,Home
Standard Throw Pillow,250,Functional standard throw pillow perfect for modern living spaces.,Durable materials; Modern style; Long-lasting; Easy to clean,Home
Deluxe Bath Towel,400,Functional deluxe bath towel perfect for modern living spaces.,Easy to clean; Elegant design; Long-lasting; Versatile use,Home
Budget Dress,40,Durable budget dress designed for comfort and longevity.,Machine washable; Comfortable fit; Easy care; Durable construction,Clothing
Deluxe Dress Shirt,120,Comfortable deluxe dress shirt made from high-quality materials.,Durable construction; Machine washable; Easy care; Comfortable fit,Clothing
Deluxe Sunscreen,30,High-quality deluxe sunscreen with proven results.,Hypoallergenic; Long-lasting; Premium ingredients; Professional results,Beauty
Budget Running Shoes,40,Stylish budget running shoes perfect for everyday wear or special occasions.,Stylish design; Comfortable fit; Breathable material; Easy care,Clothing
Premium Mystery Thriller,35,Engaging premium mystery thriller perfect for readers of all levels.,Comprehensive coverage; Easy to read; Expert insights; Updated content,Books
Premium Wall Clock,400,High-quality premium wall clock with excellent craftsmanship.,Long-lasting; High quality; Versatile use; Durable materials,Home
Premium Power Bank,100,Professional-grade premium power bank offering excellent performance and reliability.,Easy to use; Wireless connectivity; High-quality sound; Fast charging,Electronics
Standard Dumbbells,500,High-performance standard dumbbells with advanced features.,Durable construction; Non-slip; Breathable; Lightweight,Sports
Budget Dress,80,Stylish budget dress perfect for everyday wear or special occasions.,Comfortable fit; Easy care; Durable construction; Stylish design,Clothing
Budget History Book,50,Comprehensive budget history book with detailed information and expert insights.,Clear explanations; Practical examples; Easy to read; Comprehensive coverage,Books
Professional Biography,15,Engaging professional biography perfect for readers of all levels.,Comprehensive coverage; Updated content; Expert insights; Clear explanations,Books
Premium Yoga Mat,500,Durable premium yoga mat built to withstand intense use.,Comfortable fit; Professional grade; Durable construction; High performance,Sports
Premium Cotton T-Shirt,400,Stylish premium cotton t-shirt perfect for everyday wear or special occasions.,High-quality fabric; Breathable material; Machine washable; Durable construction,Clothing
Budget Dress,400,Stylish budget dress perfect for everyday wear or special occasions.,Comfortable fit; Stylish design; Machine washable; High-quality fabric,Clothing
Professional Biography,35,Engaging professional biography perfect for readers of all levels.,Expert insights; Practical examples; Updated content; Comprehensive coverage,Books
Budget Webcam,50,Professional-grade budget webcam offering excellent performance and reliability.,Wireless connectivity; High-quality sound; Easy to use; Durable construction,Electronics
Premium Coffee Maker,800,High-quality premium coffee maker with excellent craftsmanship.,Durable materials; Long-lasting; Easy to clean; Elegant design,Home
Standard Smart Watch,1000,Professional-grade standard smart watch offering excellent performance and reliability.,High-quality sound; Fast charging; Compact design; Easy to use,Electronics
Premium Mystery Thriller,10,Well-written premium mystery thriller with clear explanations and practical examples.,Well-organized; Updated content; Clear explanations; Easy to read,Books
Standard Fiction Novel,75,Well-written standard fiction novel with clear explanations and practical examples.,Well-organized; Easy to read; Updated content; Comprehensive coverage,Books
Premium Face Moisturizer,15,Professional premium face moisturizer perfect for beauty routines.,Easy to apply; Gentle formula; Premium ingredients; Luxurious feel,Beauty
Budget Candle,120,Functional budget candle perfect for modern living spaces.,Modern style; Versatile use; Durable materials; Long-lasting,Home
Budget Fitness Tracker,150,Professional budget fitness tracker designed for athletes and fitness enthusiasts.,Durable construction; Professional grade; Comfortable fit; Non-slip,Sports
Budget Hair Brush,15,Professional budget hair brush perfect for beauty routines.,Easy to apply; Long-lasting; Professional results; Premium ingredients,Beauty
Standard Self-Help Book,50,Engaging standard self-help book perfect for readers of all levels.,Comprehensive coverage; Easy to read; Practical examples; Updated content,Books
